provisional_owner_composition_id,raw_owner_label,runner_rows,provisional_races,first_date,last_date
OWNER-COMPOSITION-PROVISIONAL-0001,E A Budlender B A Bracher M R Bracher Et Al,5,5,2019-02-02,2020-03-22
OWNER-COMPOSITION-PROVISIONAL-0001,B A Bracher M R Bracher E A Budlender Et Al,1,1,2020-03-22,2020-03-22
OWNER-COMPOSITION-PROVISIONAL-0002,A G Beatty P Mcbride Mrs Peter Casey Mrs Paula Casey,43,43,2020-11-07,2026-01-12
OWNER-COMPOSITION-PROVISIONAL-0002,Mrs Peter Casey P Mcbride A G Beatty Mrs Paula Casey,22,22,2021-04-05,2024-04-26
OWNER-COMPOSITION-PROVISIONAL-0003,T Lavalle J White A Bertuccio,5,5,2021-02-06,2023-11-18
OWNER-COMPOSITION-PROVISIONAL-0003,T Lavalle A Bertuccio J White,2,2,2023-11-04,2023-11-18
OWNER-COMPOSITION-PROVISIONAL-0004,M G Poletti Ms A M Turner,21,19,2015-03-05,2018-04-21
OWNER-COMPOSITION-PROVISIONAL-0004,Ms A M Turner M G Poletti,1,1,2015-04-02,2015-04-02
OWNER-COMPOSITION-PROVISIONAL-0005,Amo Racing Limited Giselle De Aguiar,302,283,2022-03-27,2026-05-26
OWNER-COMPOSITION-PROVISIONAL-0005,Giselle De Aguiar Amo Racing Limited,8,7,2025-02-21,2026-05-03
OWNER-COMPOSITION-PROVISIONAL-0006,Aishling Oneill Mrs Janeanne Oneill,15,15,2020-07-29,2023-04-22
OWNER-COMPOSITION-PROVISIONAL-0006,Mrs Janeanne Oneill Aishling Oneill,5,5,2020-07-29,2021-04-15
OWNER-COMPOSITION-PROVISIONAL-0007,Khalifa Bin Sheail Al Kuwari,111,70,2015-05-14,2025-12-20
OWNER-COMPOSITION-PROVISIONAL-0007,Sheail Bin Khalifa Al Kuwari,35,30,2017-07-02,2022-12-29
OWNER-COMPOSITION-PROVISIONAL-0008,Winstar Farm Llc China Horse Club Et Al,16,14,2017-03-18,2019-03-30
OWNER-COMPOSITION-PROVISIONAL-0008,China Horse Club Winstar Farm Llc Et Al,5,5,2018-05-05,2019-08-03
OWNER-COMPOSITION-PROVISIONAL-0009,Christian Trecco Frederic Dezzutto Et Al,21,21,2022-05-31,2025-10-25
OWNER-COMPOSITION-PROVISIONAL-0009,Frederic Dezzutto Christian Trecco Et Al,10,10,2023-08-22,2026-05-05
OWNER-COMPOSITION-PROVISIONAL-0010,Coolmore Wynaus Et Al,111,102,2020-11-07,2026-03-07
OWNER-COMPOSITION-PROVISIONAL-0010,Wynaus Coolmore Et Al,7,7,2025-02-22,2025-09-13
OWNER-COMPOSITION-PROVISIONAL-0011,Madaket Stables Llc Michael Dubb Et Al,68,59,2018-11-23,2026-04-10
OWNER-COMPOSITION-PROVISIONAL-0011,Michael Dubb Madaket Stables Llc Et Al,42,41,2018-08-19,2023-10-08
OWNER-COMPOSITION-PROVISIONAL-0012,Samuel M Mencoff Anthony Paul Smurfit,45,45,2022-04-06,2026-05-26
OWNER-COMPOSITION-PROVISIONAL-0012,Anthony Paul Smurfit Samuel M Mencoff,21,21,2021-11-26,2026-05-09
OWNER-COMPOSITION-PROVISIONAL-0013,Sebastien Morineau Mlle Virginie Beugnon,15,15,2021-01-09,2023-12-22
OWNER-COMPOSITION-PROVISIONAL-0013,Mlle Virginie Beugnon Sebastien Morineau,2,2,2021-06-20,2022-03-31
OWNER-COMPOSITION-PROVISIONAL-0014,Owen Daley John J Brennan Coragh Bloodstock Limited,3,3,2025-09-18,2025-10-29
OWNER-COMPOSITION-PROVISIONAL-0014,John J Brennan Owen Daley Coragh Bloodstock Limited,2,2,2025-09-18,2025-10-18
OWNER-COMPOSITION-PROVISIONAL-0015,The Bottom Liners Paul Saxton,68,68,2015-03-25,2019-07-05
OWNER-COMPOSITION-PROVISIONAL-0015,Paul Saxton The Bottom Liners,59,59,2015-04-06,2019-11-30
OWNER-COMPOSITION-PROVISIONAL-0016,Tim Syder Dominic Burke,31,31,2018-11-21,2022-05-25
OWNER-COMPOSITION-PROVISIONAL-0016,Dominic Burke Tim Syder,23,23,2020-12-17,2022-04-14
OWNER-COMPOSITION-PROVISIONAL-0017,Syders Burkes,122,121,2022-10-15,2026-04-28
OWNER-COMPOSITION-PROVISIONAL-0017,Burkes Syders,119,118,2022-10-14,2026-04-22
OWNER-COMPOSITION-PROVISIONAL-0018,Mrs Caren Walsh Dee Lestrange,33,33,2022-04-26,2024-12-10
OWNER-COMPOSITION-PROVISIONAL-0018,Dee Lestrange Mrs Caren Walsh,8,8,2023-04-08,2023-09-18
OWNER-COMPOSITION-PROVISIONAL-0019,Carol Hogan Eric Newnham,74,74,2015-01-31,2023-08-23
OWNER-COMPOSITION-PROVISIONAL-0019,Eric Newnham Carol Hogan,55,55,2015-01-21,2023-10-01
OWNER-COMPOSITION-PROVISIONAL-0020,Paul Normand Freddy Normand Nicolas Caullery,16,16,2022-03-09,2023-02-16
OWNER-COMPOSITION-PROVISIONAL-0020,Paul Normand Nicolas Caullery Freddy Normand,1,1,2022-09-10,2022-09-10
OWNER-COMPOSITION-PROVISIONAL-0021,Ceahorse Llc Lindsay Laroche,1,1,2026-04-27,2026-04-27
OWNER-COMPOSITION-PROVISIONAL-0021,Lindsay Laroche Ceahorse Llc,1,1,2026-04-27,2026-04-27
OWNER-COMPOSITION-PROVISIONAL-0022,Jean Pierre Menville Ecurie Galaxy Ii S Cerulis,32,31,2023-02-03,2025-12-29
OWNER-COMPOSITION-PROVISIONAL-0022,Ecurie Galaxy Ii Jean Pierre Menville S Cerulis,11,11,2023-02-03,2023-08-12
OWNER-COMPOSITION-PROVISIONAL-0023,Lily Chan Li Lei Marc Chan,71,71,2017-07-01,2026-05-03
OWNER-COMPOSITION-PROVISIONAL-0023,Marc Chan Lily Chan Li Lei,11,11,2026-01-18,2026-05-24
OWNER-COMPOSITION-PROVISIONAL-0024,Mark Devlin Mark Mcguckin Claire Wylie,12,12,2025-11-19,2026-03-27
OWNER-COMPOSITION-PROVISIONAL-0024,Claire Wylie Mark Mcguckin Mark Devlin,9,9,2025-10-24,2026-03-27
OWNER-COMPOSITION-PROVISIONAL-0025,Mrs Con Okeeffe Tadhg Osullivan,143,140,2015-03-14,2024-11-09
OWNER-COMPOSITION-PROVISIONAL-0025,Tadhg Osullivan Mrs Con Okeeffe,27,27,2015-06-14,2020-12-03
OWNER-COMPOSITION-PROVISIONAL-0026,Cooke Millen,100,100,2015-01-21,2022-06-08
OWNER-COMPOSITION-PROVISIONAL-0026,Millen Cooke,72,72,2015-01-21,2021-08-05
OWNER-COMPOSITION-PROVISIONAL-0027,M Tabor D Smith Mrs J Magnier Westerberg,448,416,2020-08-08,2026-05-24
OWNER-COMPOSITION-PROVISIONAL-0027,Westerberg Mrs J Magnier M Tabor D Smith,215,202,2023-01-13,2025-10-18
OWNER-COMPOSITION-PROVISIONAL-0027,D Smith Mrs J Magnier M Tabor Westerberg,182,167,2023-03-03,2025-04-12
OWNER-COMPOSITION-PROVISIONAL-0027,M Tabor Mrs J Magnier D Smith Westerberg,5,5,2021-12-20,2022-08-19
OWNER-COMPOSITION-PROVISIONAL-0027,Westerberg D Smith M Tabor Mrs J Magnier,1,1,2022-09-29,2022-09-29
OWNER-COMPOSITION-PROVISIONAL-0028,Daniel Yves Treves Laurent Dassault,19,19,2017-09-01,2020-03-02
OWNER-COMPOSITION-PROVISIONAL-0028,Laurent Dassault Daniel Yves Treves,5,5,2019-03-13,2019-11-22
OWNER-COMPOSITION-PROVISIONAL-0029,Samuel Sutton David Maughan James Finch,22,20,2023-10-14,2025-10-29
OWNER-COMPOSITION-PROVISIONAL-0029,James Finch David Maughan Samuel Sutton,7,7,2024-02-08,2025-02-15
OWNER-COMPOSITION-PROVISIONAL-0030,Mrs John Magnier Michael Tabor Derrick Smith,1673,1488,2015-03-29,2026-05-19
OWNER-COMPOSITION-PROVISIONAL-0030,Michael Tabor Derrick Smith Mrs John Magnier,1622,1432,2015-03-07,2026-05-24
OWNER-COMPOSITION-PROVISIONAL-0030,Derrick Smith Mrs John Magnier Michael Tabor,1609,1392,2015-03-15,2026-05-25
OWNER-COMPOSITION-PROVISIONAL-0030,Michael Tabor Mrs John Magnier Derrick Smith,116,115,2015-01-23,2026-02-27
OWNER-COMPOSITION-PROVISIONAL-0030,Derrick Smith Michael Tabor Mrs John Magnier,29,29,2015-02-28,2024-06-26
OWNER-COMPOSITION-PROVISIONAL-0030,Mrs John Magnier Derrick Smith Michael Tabor,3,3,2025-04-16,2026-04-04
OWNER-COMPOSITION-PROVISIONAL-0031,Jacques Detre Patrice Detre Ecurie Team Spirit,109,101,2022-03-08,2025-11-28
OWNER-COMPOSITION-PROVISIONAL-0031,Patrice Detre Jacques Detre Ecurie Team Spirit,26,26,2022-04-03,2025-11-28
OWNER-COMPOSITION-PROVISIONAL-0031,Ecurie Team Spirit Jacques Detre Patrice Detre,20,20,2022-10-20,2026-05-06
OWNER-COMPOSITION-PROVISIONAL-0031,Jacques Detre Ecurie Team Spirit Patrice Detre,20,19,2025-03-02,2026-03-22
OWNER-COMPOSITION-PROVISIONAL-0031,Ecurie Team Spirit Patrice Detre Jacques Detre,7,7,2020-03-14,2024-10-30
OWNER-COMPOSITION-PROVISIONAL-0032,Jacques Detre Detre Racing Ecurie Team Spirit,29,27,2026-03-01,2026-05-16
OWNER-COMPOSITION-PROVISIONAL-0032,Detre Racing Jacques Detre Ecurie Team Spirit,19,19,2026-02-14,2026-05-26
OWNER-COMPOSITION-PROVISIONAL-0032,Ecurie Team Spirit Jacques Detre Detre Racing,5,5,2026-02-14,2026-04-19
OWNER-COMPOSITION-PROVISIONAL-0033,Mark Devlin Nigel Ohare Philip Smith,80,80,2023-02-17,2026-03-30
OWNER-COMPOSITION-PROVISIONAL-0033,Mark Devlin Philip Smith Nigel Ohare,26,26,2023-12-01,2025-06-21
OWNER-COMPOSITION-PROVISIONAL-0033,Nigel Ohare Mark Devlin Philip Smith,26,26,2022-02-16,2026-05-27
OWNER-COMPOSITION-PROVISIONAL-0033,Nigel Ohare Philip Smith Mark Devlin,23,23,2023-12-01,2024-12-18
OWNER-COMPOSITION-PROVISIONAL-0034,Michael Pescod Justin Dowley,48,48,2016-08-06,2025-05-16
OWNER-COMPOSITION-PROVISIONAL-0034,Justin Dowley Michael Pescod,47,47,2016-09-02,2025-10-24
OWNER-COMPOSITION-PROVISIONAL-0035,Hollymount Stud Newgate S F Winstar Farm Llc,2,2,2017-06-10,2017-09-15
OWNER-COMPOSITION-PROVISIONAL-0035,Newgate S F Hollymount Stud Winstar Farm Llc,2,2,2017-08-19,2017-09-15
OWNER-COMPOSITION-PROVISIONAL-0036,Winstar Farm Llc Siena Farm Llc,33,32,2021-09-19,2024-12-07
OWNER-COMPOSITION-PROVISIONAL-0036,Siena Farm Llc Winstar Farm Llc,10,9,2023-09-04,2024-11-09
OWNER-COMPOSITION-PROVISIONAL-0037,Michael Heather Yarrow,280,277,2015-03-28,2026-04-21
OWNER-COMPOSITION-PROVISIONAL-0037,Heather Michael Yarrow,258,256,2015-01-09,2026-05-15
OWNER-COMPOSITION-PROVISIONAL-0038,Mrs Jennifer Marsh Mrs Louise Marsh,47,46,2016-12-17,2018-10-07
OWNER-COMPOSITION-PROVISIONAL-0038,Mrs Louise Marsh Mrs Jennifer Marsh,19,19,2017-02-17,2017-11-02
OWNER-COMPOSITION-PROVISIONAL-0039,Phil Julie Martin,215,214,2018-02-03,2023-04-22
OWNER-COMPOSITION-PROVISIONAL-0039,Julie Phil Martin,110,109,2018-02-19,2023-03-19
OWNER-COMPOSITION-PROVISIONAL-0040,Ownaracehorse Ltd Ollie Pears,220,217,2017-08-04,2025-10-04
OWNER-COMPOSITION-PROVISIONAL-0040,Ollie Pears Ownaracehorse Ltd,25,25,2017-10-20,2019-09-24
OWNER-COMPOSITION-PROVISIONAL-0041,Mrs Paul Shanahan Mrs M V Magnier,42,42,2019-06-27,2026-05-19
OWNER-COMPOSITION-PROVISIONAL-0041,Mrs M V Magnier Mrs Paul Shanahan,41,41,2021-04-26,2025-06-28
