provisional_trainer_id,raw_trainer_label,label_role,strict_comparison_key,identity_status,mapping_method,confidence,database_action
TRAINER-PROVISIONAL-0001,Mlle A Budka,earlier_mlle_label,a budka,provisional_source_label_identity,bounded_2024_mlle_to_mme_source_transition,high_source_label_equivalence,map_raw_label_to_provisional_trainer_identity
TRAINER-PROVISIONAL-0001,Mme A Budka,later_mme_label,a budka,provisional_source_label_identity,bounded_2024_mlle_to_mme_source_transition,high_source_label_equivalence,map_raw_label_to_provisional_trainer_identity
TRAINER-PROVISIONAL-0002,Mlle A Wattel,earlier_mlle_label,a wattel,provisional_source_label_identity,bounded_2024_mlle_to_mme_source_transition,high_source_label_equivalence,map_raw_label_to_provisional_trainer_identity
TRAINER-PROVISIONAL-0002,Mme A Wattel,later_mme_label,a wattel,provisional_source_label_identity,bounded_2024_mlle_to_mme_source_transition,high_source_label_equivalence,map_raw_label_to_provisional_trainer_identity
TRAINER-PROVISIONAL-0003,Mlle A-S Crombez,earlier_mlle_label,a-s crombez,provisional_source_label_identity,bounded_2024_mlle_to_mme_source_transition,high_source_label_equivalence,map_raw_label_to_provisional_trainer_identity
TRAINER-PROVISIONAL-0003,Mme A-S Crombez,later_mme_label,a-s crombez,provisional_source_label_identity,bounded_2024_mlle_to_mme_source_transition,high_source_label_equivalence,map_raw_label_to_provisional_trainer_identity
TRAINER-PROVISIONAL-0004,Mlle A-S Pacault,earlier_mlle_label,a-s pacault,provisional_source_label_identity,bounded_2024_mlle_to_mme_source_transition,high_source_label_equivalence,map_raw_label_to_provisional_trainer_identity
TRAINER-PROVISIONAL-0004,Mme A-S Pacault,later_mme_label,a-s pacault,provisional_source_label_identity,bounded_2024_mlle_to_mme_source_transition,high_source_label_equivalence,map_raw_label_to_provisional_trainer_identity
TRAINER-PROVISIONAL-0005,Mlle C Gryson,earlier_mlle_label,c gryson,provisional_source_label_identity,bounded_2024_mlle_to_mme_source_transition,high_source_label_equivalence,map_raw_label_to_provisional_trainer_identity
TRAINER-PROVISIONAL-0005,Mme C Gryson,later_mme_label,c gryson,provisional_source_label_identity,bounded_2024_mlle_to_mme_source_transition,high_source_label_equivalence,map_raw_label_to_provisional_trainer_identity
TRAINER-PROVISIONAL-0006,Mlle C Nicot,earlier_mlle_label,c nicot,provisional_source_label_identity,bounded_2024_mlle_to_mme_source_transition,high_source_label_equivalence,map_raw_label_to_provisional_trainer_identity
TRAINER-PROVISIONAL-0006,Mme C Nicot,later_mme_label,c nicot,provisional_source_label_identity,bounded_2024_mlle_to_mme_source_transition,high_source_label_equivalence,map_raw_label_to_provisional_trainer_identity
TRAINER-PROVISIONAL-0007,Mlle Celine Lequien,earlier_mlle_label,celine lequien,provisional_source_label_identity,bounded_2024_mlle_to_mme_source_transition,high_source_label_equivalence,map_raw_label_to_provisional_trainer_identity
TRAINER-PROVISIONAL-0007,Mme Celine Lequien,later_mme_label,celine lequien,provisional_source_label_identity,bounded_2024_mlle_to_mme_source_transition,high_source_label_equivalence,map_raw_label_to_provisional_trainer_identity
TRAINER-PROVISIONAL-0008,Mlle D Eustache,earlier_mlle_label,d eustache,provisional_source_label_identity,bounded_2024_mlle_to_mme_source_transition,high_source_label_equivalence,map_raw_label_to_provisional_trainer_identity
TRAINER-PROVISIONAL-0008,Mme D Eustache,later_mme_label,d eustache,provisional_source_label_identity,bounded_2024_mlle_to_mme_source_transition,high_source_label_equivalence,map_raw_label_to_provisional_trainer_identity
TRAINER-PROVISIONAL-0009,Mlle E Allaire,earlier_mlle_label,e allaire,provisional_source_label_identity,bounded_2024_mlle_to_mme_source_transition,high_source_label_equivalence,map_raw_label_to_provisional_trainer_identity
TRAINER-PROVISIONAL-0009,Mme E Allaire,later_mme_label,e allaire,provisional_source_label_identity,bounded_2024_mlle_to_mme_source_transition,high_source_label_equivalence,map_raw_label_to_provisional_trainer_identity
TRAINER-PROVISIONAL-0010,Mlle G Gadbled,earlier_mlle_label,g gadbled,provisional_source_label_identity,bounded_2024_mlle_to_mme_source_transition,high_source_label_equivalence,map_raw_label_to_provisional_trainer_identity
TRAINER-PROVISIONAL-0010,Mme G Gadbled,later_mme_label,g gadbled,provisional_source_label_identity,bounded_2024_mlle_to_mme_source_transition,high_source_label_equivalence,map_raw_label_to_provisional_trainer_identity
TRAINER-PROVISIONAL-0011,Mlle I Gallorini,earlier_mlle_label,i gallorini,provisional_source_label_identity,bounded_2024_mlle_to_mme_source_transition,high_source_label_equivalence,map_raw_label_to_provisional_trainer_identity
TRAINER-PROVISIONAL-0011,Mme I Gallorini,later_mme_label,i gallorini,provisional_source_label_identity,bounded_2024_mlle_to_mme_source_transition,high_source_label_equivalence,map_raw_label_to_provisional_trainer_identity
TRAINER-PROVISIONAL-0012,Mlle J Soudan,earlier_mlle_label,j soudan,provisional_source_label_identity,bounded_2024_mlle_to_mme_source_transition,high_source_label_equivalence,map_raw_label_to_provisional_trainer_identity
TRAINER-PROVISIONAL-0012,Mme J Soudan,later_mme_label,j soudan,provisional_source_label_identity,bounded_2024_mlle_to_mme_source_transition,high_source_label_equivalence,map_raw_label_to_provisional_trainer_identity
TRAINER-PROVISIONAL-0013,Mlle Jessica Dupont-Fahn,earlier_mlle_label,jessica dupont-fahn,provisional_source_label_identity,bounded_2024_mlle_to_mme_source_transition,high_source_label_equivalence,map_raw_label_to_provisional_trainer_identity
TRAINER-PROVISIONAL-0013,Mme Jessica Dupont-Fahn,later_mme_label,jessica dupont-fahn,provisional_source_label_identity,bounded_2024_mlle_to_mme_source_transition,high_source_label_equivalence,map_raw_label_to_provisional_trainer_identity
TRAINER-PROVISIONAL-0014,Mlle K Hoste,earlier_mlle_label,k hoste,provisional_source_label_identity,bounded_2024_mlle_to_mme_source_transition,high_source_label_equivalence,map_raw_label_to_provisional_trainer_identity
TRAINER-PROVISIONAL-0014,Mme K Hoste,later_mme_label,k hoste,provisional_source_label_identity,bounded_2024_mlle_to_mme_source_transition,high_source_label_equivalence,map_raw_label_to_provisional_trainer_identity
TRAINER-PROVISIONAL-0015,Mlle L Lenglart,earlier_mlle_label,l lenglart,provisional_source_label_identity,bounded_2024_mlle_to_mme_source_transition,high_source_label_equivalence,map_raw_label_to_provisional_trainer_identity
TRAINER-PROVISIONAL-0015,Mme L Lenglart,later_mme_label,l lenglart,provisional_source_label_identity,bounded_2024_mlle_to_mme_source_transition,high_source_label_equivalence,map_raw_label_to_provisional_trainer_identity
TRAINER-PROVISIONAL-0016,Mlle L-L Rohn-Pelvin,earlier_mlle_label,l-l rohn-pelvin,provisional_source_label_identity,bounded_2024_mlle_to_mme_source_transition,high_source_label_equivalence,map_raw_label_to_provisional_trainer_identity
TRAINER-PROVISIONAL-0016,Mme L-L Rohn-Pelvin,later_mme_label,l-l rohn-pelvin,provisional_source_label_identity,bounded_2024_mlle_to_mme_source_transition,high_source_label_equivalence,map_raw_label_to_provisional_trainer_identity
TRAINER-PROVISIONAL-0017,Mlle Laura Hebrard De Veyrinas,earlier_mlle_label,laura hebrard de veyrinas,provisional_source_label_identity,bounded_2024_mlle_to_mme_source_transition,high_source_label_equivalence,map_raw_label_to_provisional_trainer_identity
TRAINER-PROVISIONAL-0017,Mme Laura Hebrard De Veyrinas,later_mme_label,laura hebrard de veyrinas,provisional_source_label_identity,bounded_2024_mlle_to_mme_source_transition,high_source_label_equivalence,map_raw_label_to_provisional_trainer_identity
TRAINER-PROVISIONAL-0018,Mlle M Bourgeais,earlier_mlle_label,m bourgeais,provisional_source_label_identity,bounded_2024_mlle_to_mme_source_transition,high_source_label_equivalence,map_raw_label_to_provisional_trainer_identity
TRAINER-PROVISIONAL-0018,Mme M Bourgeais,later_mme_label,m bourgeais,provisional_source_label_identity,bounded_2024_mlle_to_mme_source_transition,high_source_label_equivalence,map_raw_label_to_provisional_trainer_identity
TRAINER-PROVISIONAL-0019,Mlle S Delaroche,earlier_mlle_label,s delaroche,provisional_source_label_identity,bounded_2024_mlle_to_mme_source_transition,high_source_label_equivalence,map_raw_label_to_provisional_trainer_identity
TRAINER-PROVISIONAL-0019,Mme S Delaroche,later_mme_label,s delaroche,provisional_source_label_identity,bounded_2024_mlle_to_mme_source_transition,high_source_label_equivalence,map_raw_label_to_provisional_trainer_identity
TRAINER-PROVISIONAL-0020,Mlle S Quere,earlier_mlle_label,s quere,provisional_source_label_identity,bounded_2024_mlle_to_mme_source_transition,high_source_label_equivalence,map_raw_label_to_provisional_trainer_identity
TRAINER-PROVISIONAL-0020,Mme S Quere,later_mme_label,s quere,provisional_source_label_identity,bounded_2024_mlle_to_mme_source_transition,high_source_label_equivalence,map_raw_label_to_provisional_trainer_identity
TRAINER-PROVISIONAL-0021,Mlle Sacha Coirre,earlier_mlle_label,sacha coirre,provisional_source_label_identity,bounded_2024_mlle_to_mme_source_transition,high_source_label_equivalence,map_raw_label_to_provisional_trainer_identity
TRAINER-PROVISIONAL-0021,Mme Sacha Coirre,later_mme_label,sacha coirre,provisional_source_label_identity,bounded_2024_mlle_to_mme_source_transition,high_source_label_equivalence,map_raw_label_to_provisional_trainer_identity
TRAINER-PROVISIONAL-0022,Mlle Stephanie Nigge,earlier_mlle_label,stephanie nigge,provisional_source_label_identity,bounded_2024_mlle_to_mme_source_transition,high_source_label_equivalence,map_raw_label_to_provisional_trainer_identity
TRAINER-PROVISIONAL-0022,Mme Stephanie Nigge,later_mme_label,stephanie nigge,provisional_source_label_identity,bounded_2024_mlle_to_mme_source_transition,high_source_label_equivalence,map_raw_label_to_provisional_trainer_identity
TRAINER-PROVISIONAL-0023,Mlle Stephanie Penot,earlier_mlle_label,stephanie penot,provisional_source_label_identity,bounded_2024_mlle_to_mme_source_transition,high_source_label_equivalence,map_raw_label_to_provisional_trainer_identity
TRAINER-PROVISIONAL-0023,Mme Stephanie Penot,later_mme_label,stephanie penot,provisional_source_label_identity,bounded_2024_mlle_to_mme_source_transition,high_source_label_equivalence,map_raw_label_to_provisional_trainer_identity
TRAINER-PROVISIONAL-0024,Mlle V Dissaux,earlier_mlle_label,v dissaux,provisional_source_label_identity,bounded_2024_mlle_to_mme_source_transition,high_source_label_equivalence,map_raw_label_to_provisional_trainer_identity
TRAINER-PROVISIONAL-0024,Mme V Dissaux,later_mme_label,v dissaux,provisional_source_label_identity,bounded_2024_mlle_to_mme_source_transition,high_source_label_equivalence,map_raw_label_to_provisional_trainer_identity
TRAINER-PROVISIONAL-0025,Mlle Victoria Head,earlier_mlle_label,victoria head,provisional_source_label_identity,bounded_2024_mlle_to_mme_source_transition,high_source_label_equivalence,map_raw_label_to_provisional_trainer_identity
TRAINER-PROVISIONAL-0025,Mme Victoria Head,later_mme_label,victoria head,provisional_source_label_identity,bounded_2024_mlle_to_mme_source_transition,high_source_label_equivalence,map_raw_label_to_provisional_trainer_identity
TRAINER-PROVISIONAL-0026,Mlle Y Vollmer,earlier_mlle_label,y vollmer,provisional_source_label_identity,bounded_2024_mlle_to_mme_source_transition,high_source_label_equivalence,map_raw_label_to_provisional_trainer_identity
TRAINER-PROVISIONAL-0026,Mme Y Vollmer,later_mme_label,y vollmer,provisional_source_label_identity,bounded_2024_mlle_to_mme_source_transition,high_source_label_equivalence,map_raw_label_to_provisional_trainer_identity
