candidate_pair_id,left_raw_jockey_label,right_raw_jockey_label,temporal_relationship,gap_days,overlap_days,left_runner_rows,right_runner_rows,combined_runner_rows,shared_horse_count,shared_horses,shared_trainer_count,shared_trainers,governing_jurisdiction,governing_authority,authority_registered_name,authority_participant_id,authority_evidence_type,authority_evidence_locator,authority_evidence_accessed_date,authority_lookup_status,secondary_provider,secondary_participant_id,secondary_display_name,secondary_evidence_locator,secondary_lookup_status,identity_relationship,left_verified_person_name,right_verified_person_name,verification_status,evidence_type,evidence_locator,evidence_accessed_date,confidence,review_notes,database_action,left_distinct_courses,right_distinct_courses,shared_course_count,combined_distinct_courses,source_course_relationship,left_top_courses,right_top_courses,shared_courses,review_scope_status,review_trigger,review_scope_reason
JOCKEY-STRICT-0003,Mlle Frida Valle Skar,Mme Frida Valle Skar,observed_periods_overlap,0,9,797,673,1470,43,Almazora (FR) | Amoureuse (FR) | Anonyme (FR) | Bawe Island (FR) | Breath Of Fire (FR) | Comtesse Vera (FR) | Coral Slipper (FR) | Dream Again (FR) | Empiric (GB) | Excalibur (FR) | Fitzcarraldo (FR) | Glicourt (FR) | Green Curry (IRE) | Jaguare Precieuse (FR) | Joyeuse Sage (FR) | Karmina Bella (FR) | Kendra (FR) | King Robbe (FR) | Kolplet (FR) | Koutsounakos (GB) | Larno (FR) | Laura Trezy (FR) | Le Central (FR) | Leoparduccio (FR) | Lesslepasser (FR) | Lucky You (FR) | Maavah (FR) | Magic Sword (FR) | My Buddy (FR) | Noble Angel (GB) | Orange Vif (FR) | Oser (IRE) | Prince Des Dunes (FR) | Prince Shalaa (FR) | Ravens Spirit (FR) | Restless Spirit (GB) | Rouvray (GB) | Royalwood (FR) | Savile Row (FR) | True Value (FR) | Tudo Bem (FR) | White Platin (FR) | Zelda Rebel (FR),35,A Lopez | A S & D Allard | A Sagot | B Goudot | B Mohamed | C & Y Lerner | C Pautier | C Plisson | Charlotte Alesi | E Bernhardt | F-X Belvisi | Gianluca Bietolini | Guillaume Courbot | Helmi Boujardine | J Parize | J-L Pelletan | Jean-Raymond Breton | Laura Lemiere | M Boutin | M Krebs | M Nigge | M Swinnens | Maurizio Guarnieri | Mme C Barande-Barbe | Mme Conny Whitfield | Mme G Rarick | Mme M Desvaux | Niels Lantsoght | P Adda | P Adda & F Renaut | Rosine Bouckhuyt | Sofie Lanslots | Sven Schleppi | Yannick Fouin | Yoann Bonnefoy,,,,,,,,not_checked,,,,,not_checked,unresolved,,,not_started,,,,,,preserve_raw_unresolved,16,15,7,24,partially_shared_courses,Chantilly (FR) (291) | Deauville (FR) (222) | Saint-Cloud (FR) (152) | Longchamp (FR) (98) | Maisons-Laffitte (FR) (20) | Fontainebleau (FR) (3) | Clairefontaine (FR) (2) | Compiegne (FR) (1),Chantilly (FR) (175) | Deauville (FR) (120) | Chantilly (92) | Saint-Cloud (FR) (80) | Deauville (72) | Longchamp (FR) (60) | Saint-Cloud (41) | Longchamp (22),Chantilly (FR) | Compiegne (FR) | Deauville (FR) | Dieppe (FR) | Fontainebleau (FR) | Longchamp (FR) | Saint-Cloud (FR),deferred_until_material_use,specific_analysis_or_material_identity_risk,Strict normalisation generated an identity candidate only. Comprehensive external resolution is disproportionate without a specific analytical need. Preserve both raw labels and leave the relationship unresolved.
JOCKEY-STRICT-0004,Mlle Perrine Cheyer,Mme Perrine Cheyer,observed_periods_separate,5,0,416,242,658,35,A Stolen Kiss (FR) | Albert Bridge (FR) | Bonnie Hopps (FR) | Boogie (FR) | Bozzo (FR) | Cap Skirring (FR) | Crew Dragon (FR) | Eliite (FR) | Excalibur (FR) | Gardol Moon (FR) | Go For It (FR) | Go Love (FR) | Hot Summer (FR) | Hypnotized (FR) | JAcclame (FR) | Kavakney (BEL) | Kilia (FR) | Kizmambo (IRE) | Koutsounakos (GB) | Kup Davis (FR) | London Way (FR) | Maguro (FR) | Mehgaway (FR) | Milad (FR) | Mitarc (BEL) | Moasa (FR) | My Universe (FR) | Naiade (FR) | Planthalya (FR) | Romanello (FR) | Rum Tum Tugger (FR) | Tallinski (IRE) | Tarcenay (IRE) | Vaydena (FR) | What Else Chop (FR),37,A Brenckle | A S & D Allard | A Sagot | A Schepens | Adrien Fouassier | B Le Regent | B Legros | Brian Beaunez | C Martinon | C Plisson | Frau Doris Ursula Smith | Frau Hella Sauer | G Collet | G Verheye | Gianluca Bietolini | I Endaltsev | J Carayon | J Lebosse | J Leroy | J Parize | J-M Plasschaert | Louis Baudron | M Figge | Mario Baratti | Melanie Van Den Weghe | Michael Schiestel | Michael Stehli | Mme Nathalie Vasutek-Zinck | P Adda & F Renaut | P Baudry | P Decouz | Prescillia Gruber | S Dehez | S Ghys | S Morineau | Sofie Lanslots | Yannick Fouin,,,,,,,,not_checked,,,,,not_checked,unresolved,,,not_started,,,,,,preserve_raw_unresolved,12,11,5,18,partially_shared_courses,Chantilly (FR) (167) | Deauville (FR) (121) | Saint-Cloud (FR) (70) | Longchamp (FR) (33) | Maisons-Laffitte (FR) (10) | Clairefontaine (FR) (5) | Les Landes (JER) (3) | Compiegne (FR) (2),Chantilly (FR) (74) | Deauville (FR) (66) | Chantilly (30) | Saint-Cloud (FR) (22) | Deauville (15) | Longchamp (FR) (14) | Saint-Cloud (14) | Le Croise-Laroche (FR) (3),Chantilly (FR) | Deauville (FR) | Fontainebleau (FR) | Longchamp (FR) | Saint-Cloud (FR),deferred_until_material_use,specific_analysis_or_material_identity_risk,Strict normalisation generated an identity candidate only. Comprehensive external resolution is disproportionate without a specific analytical need. Preserve both raw labels and leave the relationship unresolved.
JOCKEY-STRICT-0005,Jack Andrews,Mr Jack Andrews,observed_periods_overlap,0,3296,523,161,684,30,Anariza (FR) | Begin The Luck (IRE) | Boleyn Boy (IRE) | Bonnets Vino (GB) | Boombawn (IRE) | Brave Jen (GB) | Broken Quest (IRE) | Character Testing (GB) | Crackerjack Queen (IRE) | Daytime Dreaming (IRE) | Fransham (GB) | George Darling (IRE) | Gouet Des Bruyeres (FR) | Jet Plane (IRE) | Latenightrumble (GB) | Lenjoleur De Palma (FR) | Lighthouse Mill (IRE) | Lord Sparky (GB) | Power Of Power (IRE) | Riddlestown (IRE) | Sambezi (FR) | Secret Vino (GB) | Smurfette (GB) | Soldiers Leap (IRE) | Takeit Easy (GB) | The Golden Rebel (IRE) | Tigers Moon (GB) | Treacyswestcounty (IRE) | William Cody (GB) | Xcitations (GB),14,Ben Case | Caroline Bailey | Caroline Fryer | Cynthia Woods | Dan Skelton | David Dennis | Henry Oliver | Laura Horsfall | N W Padfield | Oliver Signy | Olly Williams | Pam Sly | T Ellis | Toby Bulgin,,,,,,,,not_checked,,,,,not_checked,unresolved,,,not_started,,,,,,preserve_raw_unresolved,42,33,32,43,partially_shared_courses,Huntingdon (51) | Southwell (44) | Fakenham (40) | Uttoxeter (30) | Market Rasen (23) | Warwick (23) | Cheltenham (22) | Wetherby (22),Cheltenham (20) | Warwick (15) | Market Rasen (14) | Fontwell (12) | Huntingdon (12) | Bangor-on-Dee (7) | Plumpton (7) | Wetherby (7),Aintree | Ayr | Bangor-on-Dee | Carlisle | Cartmel | Catterick | Cheltenham | Chepstow | Doncaster | Fakenham | Fontwell | Hereford | Hexham | Huntingdon | Kempton | Leicester | Ludlow | Market Rasen | Newbury | Newcastle | Newton Abbot | Perth | Plumpton | Sandown | Sedgefield | Southwell | Stratford | Taunton | Uttoxeter | Warwick | Wetherby | Worcester,deferred_until_material_use,specific_analysis_or_material_identity_risk,Strict normalisation generated an identity candidate only. Comprehensive external resolution is disproportionate without a specific analytical need. Preserve both raw labels and leave the relationship unresolved.
JOCKEY-STRICT-0006,Mlle Ambre Molins,Mme Ambre Molins,observed_periods_separate,14,0,490,420,910,26,Americano (FR) | Auen Adventure (GER) | Dulini (GB) | Freja (FR) | Haaricia (FR) | Impitoyable (FR) | Le Gardolot (FR) | Lunala (FR) | Magnetique (IRE) | Manarola (FR) | Midsummer Dance (USA) | Mondainai (FR) | Monsieurvalchop (FR) | Not So Silly (FR) | Pennywell (FR) | Pitrizza (FR) | Rising Up (FR) | Rosetta Stone (FR) | Rouanita (FR) | Saga Timgad (FR) | Selket (IRE) | Shielding (USA) | Sundayinmay (GER) | Why Chope (FR) | Yollilal (FR) | Zoe (FR),30,B Goudot | B Legros | Brian Beaunez | C Boutin | C Escuder | C Plisson | Caroline Auvray | D De Waele | F Chappet | F-X Belvisi | Frau Hella Sauer | G Pannier | Gianluca Bietolini | H Blume | J Andreu | J Bourgeais | J Parize | Julian Resimont | M Lehmann | Marian Falk Weissmeier | Markus Geisler | Mme Helene Mennessier Martinez | Mme Nathalie Vasutek-Zinck | N Clement | P Sigaud | S Labate | S Morineau | Tim Donworth | Waldemar Hickst | Yoann Bonnefoy,,,,,,,,not_checked,,,,,not_checked,unresolved,,,not_started,,,,,,preserve_raw_unresolved,16,13,5,24,partially_shared_courses,Deauville (FR) (157) | Chantilly (FR) (155) | Saint-Cloud (FR) (88) | Longchamp (FR) (59) | Maisons-Laffitte (FR) (12) | Cagnes-Sur-Mer (FR) (5) | Clairefontaine (FR) (3) | Lyon Parilly (FR) (3),Deauville (FR) (101) | Chantilly (FR) (79) | Deauville (59) | Chantilly (48) | Longchamp (FR) (45) | Saint-Cloud (FR) (42) | Longchamp (19) | Saint-Cloud (18),Cagnes-Sur-Mer (FR) | Chantilly (FR) | Deauville (FR) | Longchamp (FR) | Saint-Cloud (FR),deferred_until_material_use,specific_analysis_or_material_identity_risk,Strict normalisation generated an identity candidate only. Comprehensive external resolution is disproportionate without a specific analytical need. Preserve both raw labels and leave the relationship unresolved.
JOCKEY-STRICT-0007,Mr Paddy Hanlon,Paddy Hanlon,observed_periods_separate,13,0,49,544,593,22,A Mere Bagatelle (IRE) | Another Nightmare (IRE) | D Journey Man (IRE) | Dragon Rock (IRE) | Fascinating Shadow (IRE) | Fort Randall (IRE) | Half A Chance (IRE) | Hardy Buck (IRE) | Into The Unknown (IRE) | Lion City (IRE) | Miss Oreo (IRE) | Mullins Cross (IRE) | Pahlavi (IRE) | Phoenix Cowboy (USA) | Quest With Speed (IRE) | Real Empire (GB) | Rodney (IRE) | Sadies Diamond (IRE) | Seasett (GB) | Sefton Warrior (GB) | Sirekoff (IRE) | Topgun Simmy (IRE),3,Anthony McCann | John Joseph Hanlon | Patrick Neville,,,,,,,,not_checked,,,,,not_checked,unresolved,,,not_started,,,,,,preserve_raw_unresolved,32,58,28,62,partially_shared_courses,Galway (IRE) (6) | Ayr (3) | Listowel (IRE) (3) | Bellewstown (IRE) (2) | Carlisle (2) | Catterick (2) | Clonmel (IRE) (2) | Fairyhouse (IRE) (2),Downpatrick (IRE) (41) | Kilbeggan (IRE) (35) | Wexford (IRE) (34) | Punchestown (IRE) (26) | Limerick (IRE) (25) | Listowel (IRE) (23) | Wincanton (18) | Galway (IRE) (17),Ayr | Bangor-on-Dee | Bellewstown (IRE) | Carlisle | Catterick | Clonmel (IRE) | Cork (IRE) | Down Royal (IRE) | Fairyhouse (IRE) | Galway (IRE) | Gowran Park (IRE) | Kilbeggan (IRE) | Killarney (IRE) | Leopardstown (IRE) | Limerick (IRE) | Listowel (IRE) | Naas (IRE) | Navan (IRE) | Punchestown (IRE) | Roscommon (IRE) | Sligo (IRE) | Stratford | Thurles (IRE) | Tipperary (IRE) | Tramore (IRE) | Warwick | Wexford (IRE) | Worcester,deferred_until_material_use,specific_analysis_or_material_identity_risk,Strict normalisation generated an identity candidate only. Comprehensive external resolution is disproportionate without a specific analytical need. Preserve both raw labels and leave the relationship unresolved.
JOCKEY-STRICT-0008,Mlle Coralie Pacaut,Mme Coralie Pacaut,observed_periods_separate,68,0,1571,326,1897,18,Almazora (FR) | Big Boots (IRE) | Buti (FR) | Cold Play (FR) | Droit De Parole (IRE) | Eternel (FR) | Flamboyante (FR) | Giorgiana (FR) | Give Me Gold (FR) | Gray DAlbion (FR) | Joao (FR) | Khochenko (FR) | Konig Chouchen (FR) | Nosdargent (FR) | Obsess (FR) | Plenty City (FR) | Taal (FR) | Tarahumara Queen (FR),42,A Junk | C Escuder | C Lotoux | D & P ProdHomme | D Artu | D Smaga | E Libaud | Elias Mikhalides | F Vermeulen | F-X Belvisi | Francois Monfort | G Doleuze | G Pannier | Gianluca Bietolini | H Blume | H Fortineau | Ingrid Janackova Koplikova | J Bertin | J Bertran De Balanda | J-C Rouget | J-M Baudrelle | J-M Beguigne | J-V Toux | M Boutin | M Cesandri | Maurizio Guarnieri | Mme C Barande-Barbe | Mme F Chenu | Mme G Rarick | Mme Stephanie Jaffrelot-Bedon | Nicolas Le Roch | O Regley | P Adda | P Cottier | P Nicot | Pauline Menges | Roberto-Carlos Montenegro | S Wattel | Sofie Lanslots | Thibaut Richard | Tim Donworth | Y Barberot,,,,,,,,not_checked,,,,,not_checked,unresolved,,,not_started,,,,,,preserve_raw_unresolved,26,15,7,34,partially_shared_courses,Deauville (FR) (477) | Chantilly (FR) (450) | Saint-Cloud (FR) (249) | Longchamp (FR) (189) | Maisons-Laffitte (FR) (124) | Cagnes-Sur-Mer (FR) (14) | Clairefontaine (FR) (14) | Le Croise-Laroche (FR) (6),Deauville (FR) (106) | Chantilly (FR) (63) | Saint-Cloud (FR) (43) | Longchamp (FR) (41) | Deauville (27) | Chantilly (17) | Saint-Cloud (11) | Longchamp (8),Chantilly (FR) | Deauville (FR) | Fontainebleau (FR) | La Teste De Buch (FR) | Longchamp (FR) | Saint-Cloud (FR) | Vichy (FR),deferred_until_material_use,specific_analysis_or_material_identity_risk,Strict normalisation generated an identity candidate only. Comprehensive external resolution is disproportionate without a specific analytical need. Preserve both raw labels and leave the relationship unresolved.
JOCKEY-STRICT-0009,Mr Tristan Durrell,Tristan Durrell,observed_periods_overlap,0,1155,114,748,862,17,Calico (GER) | Dazzling Glory (IRE) | Faivoir (FR) | Farmers Gamble (GB) | Ferrobin (IRE) | Gentle Connections (GB) | Get On The Yager (GB) | Global Famenglory (IRE) | Go Steady (GB) | Marracudja (FR) | Moores Novelty (IRE) | Not That Fuisse (FR) | One For Billy (GB) | Ridgeway (FR) | Sofias Rock (FR) | Starsky (IRE) | West To The Bridge (IRE),8,Dan Skelton | David Brace | Ewan Whillans | Max Young | Milton Harris | N A Pearce | Suzy Smith | Tim Vaughan,,,,,,,,not_checked,,,,,not_checked,unresolved,,,not_started,,,,,,preserve_raw_unresolved,33,41,31,43,partially_shared_courses,Fakenham (9) | Uttoxeter (9) | Cheltenham (7) | Stratford (7) | Doncaster (6) | Huntingdon (6) | Warwick (6) | Ludlow (5),Warwick (53) | Uttoxeter (42) | Doncaster (32) | Ludlow (32) | Chepstow (31) | Worcester (30) | Market Rasen (29) | Plumpton (28),Aintree | Ascot | Bangor-on-Dee | Carlisle | Catterick | Cheltenham | Chepstow | Doncaster | Exeter | Fakenham | Fontwell | Haydock | Hereford | Huntingdon | Kelso | Kempton | Leicester | Lingfield | Ludlow | Market Rasen | Newbury | Newton Abbot | Plumpton | Sandown | Southwell | Stratford | Taunton | Uttoxeter | Warwick | Wincanton | Worcester,deferred_until_material_use,specific_analysis_or_material_identity_risk,Strict normalisation generated an identity candidate only. Comprehensive external resolution is disproportionate without a specific analytical need. Preserve both raw labels and leave the relationship unresolved.
JOCKEY-STRICT-0010,Alice Stevens,Miss Alice Stevens,observed_periods_separate,14,0,338,168,506,16,Braganza Bay (GB) | Bretney (IRE) | Bridge North (IRE) | Buto (GB) | Earcomesbob (GB) | Earcomessue (GB) | Emma Hamilton (IRE) | Gustoso (GB) | Jimmy The Digger (GB) | Lily Glitters (GB) | Minniemum (GB) | Rapper (GB) | Regal Renaissance (GB) | Supreme Gift (IRE) | The Wrekin (IRE) | Time In The Sun (IRE),16,Alexandra Dunn | B F Brookhouse | Claire Dyson | David Pipe | Harry Derham | Helen Nelmes | Henry Daly | Ian Williams | Micky Hammond | Oliver Greenall & Josh Guerriero | Peter Pritchard | Robert Waley-Cohen | Ryan Potter | Sam England | Sandy Thomson | Tom Weston,,,,,,,,not_checked,,,,,not_checked,unresolved,,,not_started,,,,,,preserve_raw_unresolved,42,51,32,61,partially_shared_courses,Market Rasen (31) | Wetherby (22) | Doncaster (18) | Warwick (18) | Sedgefield (16) | Uttoxeter (14) | Catterick (13) | Hexham (13),Ludlow (17) | Cheltenham (14) | Stratford (14) | Market Rasen (9) | Cartmel (8) | Huntingdon (8) | Hereford (6) | Catterick (5),Aintree | Ascot | Bangor-on-Dee | Cartmel | Catterick | Cheltenham | Chepstow | Doncaster | Exeter | Fakenham | Ffos Las | Hereford | Hexham | Huntingdon | Kelso | Kempton | Leicester | Lingfield | Ludlow | Market Rasen | Newbury | Newcastle | Newton Abbot | Perth | Sandown | Southwell | Stratford | Taunton | Uttoxeter | Warwick | Wincanton | Worcester,deferred_until_material_use,specific_analysis_or_material_identity_risk,Strict normalisation generated an identity candidate only. Comprehensive external resolution is disproportionate without a specific analytical need. Preserve both raw labels and leave the relationship unresolved.
JOCKEY-STRICT-0011,Mlle Maryline Eon,Mme Maryline Eon,observed_periods_separate,5,0,551,249,800,15,Antharis (GB) | Cream Ice (GB) | Great Charlie (FR) | Ippling (FR) | Kamaro DHuez (FR) | Lou Balicot (FR) | Madras (IRE) | Marshall Lessing (FR) | Nordeste (FR) | Plateado (FR) | Prince Des Dunes (FR) | Uchronie (FR) | Vote For Pedro (FR) | Zeyzoun (FR) | Zippere (FR),31,A & G Botti | A Baron | A Sanchez-Martin | Adrien Fouassier | Alain Couetil | B Audouin | B Legros | C Blin | C Lotoux | C Plisson | D Chenu | D De Watrigant | Edouard Monfort | F Vermeulen | Francois Monfort | Gavin Hernon | H-F Devin | Hiroo Shimizu | J Boisnard | J Bourgeais | M Alonso Roldan | M Brasme | M Delcher Sanchez | M Nigge | Maurizio Guarnieri | Mme C Barande-Barbe | Mme S Gavilan | N Bellanger | N Caullery | S Caceres | Simone Brogi,,,,,,,,not_checked,,,,,not_checked,unresolved,,,not_started,,,,,,preserve_raw_unresolved,25,5,4,26,partially_shared_courses,Deauville (FR) (218) | Chantilly (FR) (117) | Saint-Cloud (FR) (97) | Longchamp (FR) (49) | Maisons-Laffitte (FR) (26) | Nantes (FR) (6) | Craon (FR) (4) | Fontainebleau (FR) (4),Deauville (FR) (115) | Chantilly (FR) (85) | Saint-Cloud (FR) (31) | Longchamp (FR) (16) | Cagnes-Sur-Mer (FR) (2),Chantilly (FR) | Deauville (FR) | Longchamp (FR) | Saint-Cloud (FR),deferred_until_material_use,specific_analysis_or_material_identity_risk,Strict normalisation generated an identity candidate only. Comprehensive external resolution is disproportionate without a specific analytical need. Preserve both raw labels and leave the relationship unresolved.
JOCKEY-STRICT-0012,Freddie Gordon,Mr Freddie Gordon,observed_periods_separate,33,0,394,95,489,15,Annual Invictus (IRE) | Baddesley (IRE) | Bentleys Return (IRE) | Blame The Game (IRE) | Coolvalla (IRE) | Id Like To Know (IRE) | Invictus De Brion (FR) | Kayf Legend (GB) | Press Your Luck (IRE) | Ramore Will (IRE) | Red Windsor (IRE) | Sami Bear (GB) | Stanley Pincombe (IRE) | Unanswered Prayers (IRE) | Who Is That (IRE),1,Chris Gordon,,,,,,,,not_checked,,,,,not_checked,unresolved,,,not_started,,,,,,preserve_raw_unresolved,34,33,23,44,partially_shared_courses,Plumpton (75) | Fontwell (52) | Newbury (34) | Kempton (30) | Cheltenham (21) | Ascot (19) | Warwick (19) | Huntingdon (16),Fontwell (15) | Plumpton (13) | Cheltenham (6) | Lingfield (6) | Warwick (6) | Chepstow (4) | Kempton (4) | Worcester (4),Cartmel | Cheltenham | Chepstow | Exeter | Fakenham | Ffos Las | Fontwell | Kelso | Kempton | Leicester | Lingfield | Ludlow | Newbury | Newton Abbot | Plumpton | Sandown | Southwell | Stratford | Taunton | Warwick | Wincanton | Windsor | Worcester,deferred_until_material_use,specific_analysis_or_material_identity_risk,Strict normalisation generated an identity candidate only. Comprehensive external resolution is disproportionate without a specific analytical need. Preserve both raw labels and leave the relationship unresolved.
JOCKEY-STRICT-0013,Alex Chadwick,Mr Alex Chadwick,observed_periods_separate,11,0,99,266,365,14,Big Bert (IRE) | East Street (IRE) | Enthused (IRE) | Escapologist (FR) | Forget The Way (GB) | Honneur dAjonc (FR) | Jackpot Cash (FR) | Laser Focus (IRE) | Mermaids Cave (IRE) | My Gift To You (IRE) | Nazare (FR) | One Big Bang (IRE) | Snapius (IRE) | Tara Iti (GB),1,James Owen,,,,,,,,not_checked,,,,,not_checked,unresolved,,,not_started,,,,,,preserve_raw_unresolved,26,44,25,45,partially_shared_courses,Fakenham (14) | Huntingdon (14) | Worcester (13) | Southwell (6) | Warwick (6) | Sedgefield (5) | Stratford (5) | Doncaster (4),Fakenham (23) | Huntingdon (22) | Southwell (20) | Sedgefield (14) | Stratford (14) | Fontwell (13) | Market Rasen (12) | Plumpton (10),Ascot | Cartmel | Catterick | Cheltenham | Chepstow | Doncaster | Fakenham | Fontwell | Haydock | Hexham | Huntingdon | Kempton | Leicester | Market Rasen | Newbury | Newcastle | Newton Abbot | Plumpton | Sedgefield | Southwell | Stratford | Uttoxeter | Warwick | Wetherby | Worcester,deferred_until_material_use,specific_analysis_or_material_identity_risk,Strict normalisation generated an identity candidate only. Comprehensive external resolution is disproportionate without a specific analytical need. Preserve both raw labels and leave the relationship unresolved.
JOCKEY-STRICT-0014,Mlle Lea Bails,Mme Lea Bails,observed_periods_separate,13,0,757,190,947,13,Armorigene (FR) | Black Cess (FR) | Caly Rosay (FR) | Dieppe (FR) | Fayona (FR) | Gofast (FR) | Got Frost (FR) | Mystery Train (FR) | Namar (IRE) | Ravens Spirit (FR) | Saam (FR) | Um Elnadim (FR) | Zygfryd (FR),15,F-X Belvisi | G Collet | H Blume | I Endaltsev | Jeremy Da Silva | M Boutin | Mme M Bollack-Badel | Mme N Verheyen | N Caullery | Rosine Bouckhuyt | S Gouyette | S Jesus | S Labate | U Schwinn | X-L Le Stang,,,,,,,,not_checked,,,,,not_checked,unresolved,,,not_started,,,,,,preserve_raw_unresolved,14,11,6,19,partially_shared_courses,Chantilly (FR) (264) | Deauville (FR) (191) | Saint-Cloud (FR) (117) | Longchamp (FR) (105) | Maisons-Laffitte (FR) (58) | Fontainebleau (FR) (6) | Clairefontaine (FR) (5) | Amiens (FR) (2),Chantilly (FR) (65) | Deauville (FR) (63) | Longchamp (FR) (27) | Saint-Cloud (FR) (18) | Saint-Cloud (5) | Chantilly (4) | Auteuil (FR) (3) | Deauville (2),Chantilly (FR) | Compiegne (FR) | Deauville (FR) | Dieppe (FR) | Longchamp (FR) | Saint-Cloud (FR),deferred_until_material_use,specific_analysis_or_material_identity_risk,Strict normalisation generated an identity candidate only. Comprehensive external resolution is disproportionate without a specific analytical need. Preserve both raw labels and leave the relationship unresolved.
JOCKEY-STRICT-0015,Mr Toby Wynne,Toby Wynne,observed_periods_overlap,0,33,66,708,774,13,Dieu Vivant (FR) | Dragonfruit (GB) | Duke Of Deception (IRE) | Ecossais (FR) | Gesskille (FR) | Gouet Des Bruyeres (FR) | Herbiers (FR) | Homme Public (FR) | Lucky Lover Boy (IRE) | Oceans Red (GB) | The Wild Wild Sea (GB) | Torino (IRE) | Tre A Peni (GB),6,Danny Brooke | Oliver Greenall & Josh Guerriero | Robbie Llewellyn | Robert Bevis | Sam Allwood | Sam England,,,,,,,,not_checked,,,,,not_checked,unresolved,,,not_started,,,,,,preserve_raw_unresolved,28,43,25,46,partially_shared_courses,Bangor-on-Dee (9) | Ludlow (6) | Southwell (5) | Stratford (4) | Uttoxeter (4) | Warwick (4) | Carlisle (3) | Doncaster (3),Bangor-on-Dee (101) | Uttoxeter (59) | Huntingdon (44) | Worcester (42) | Southwell (38) | Market Rasen (31) | Hereford (30) | Stratford (30),Ayr | Bangor-on-Dee | Carlisle | Catterick | Cheltenham | Chepstow | Doncaster | Exeter | Fontwell | Hereford | Hexham | Huntingdon | Kelso | Ludlow | Market Rasen | Musselburgh | Newcastle | Sedgefield | Southwell | Stratford | Uttoxeter | Warwick | Wetherby | Wincanton | Worcester,deferred_until_material_use,specific_analysis_or_material_identity_risk,Strict normalisation generated an identity candidate only. Comprehensive external resolution is disproportionate without a specific analytical need. Preserve both raw labels and leave the relationship unresolved.
JOCKEY-STRICT-0016,Mr Tom Broughton,Tom Broughton,observed_periods_separate,50,0,183,259,442,13,Ahanaglogh (IRE) | Billams Legacy (GB) | Cheltenam De Vaige (FR) | Chief Black Robe (IRE) | Crosspark (GB) | Dexperado (FR) | Diamond Koda (IRE) | Dunworley (IRE) | Fine Investment (GB) | Geordie Night (GB) | Mix Of Clover (GB) | Oscar Robertson (IRE) | Tintintin (FR),5,Fergal OBrien | Max Comley | Nick Kent | Olly Williams | Richard Hobson,,,,,,,,not_checked,,,,,not_checked,unresolved,,,not_started,,,,,,preserve_raw_unresolved,40,38,34,44,partially_shared_courses,Market Rasen (33) | Southwell (13) | Newton Abbot (10) | Cheltenham (9) | Worcester (9) | Huntingdon (8) | Stratford (8) | Aintree (6),Market Rasen (32) | Hereford (15) | Newton Abbot (15) | Uttoxeter (15) | Taunton (14) | Warwick (11) | Chepstow (10) | Doncaster (10),Aintree | Ayr | Bangor-on-Dee | Carlisle | Catterick | Cheltenham | Chepstow | Doncaster | Epsom | Exeter | Fakenham | Fontwell | Haydock | Hereford | Huntingdon | Leicester | Ludlow | Market Rasen | Musselburgh | Newbury | Newcastle | Newton Abbot | Perth | Plumpton | Sedgefield | Southwell | Stratford | Taunton | Uttoxeter | Warwick | Wetherby | Wincanton | Windsor | Worcester,deferred_until_material_use,specific_analysis_or_material_identity_risk,Strict normalisation generated an identity candidate only. Comprehensive external resolution is disproportionate without a specific analytical need. Preserve both raw labels and leave the relationship unresolved.
JOCKEY-STRICT-0017,Mr Toby McCain-Mitchell,Toby McCain-Mitchell,observed_periods_overlap,0,33,91,212,303,11,As Tears Go By (GB) | Ballyvaughan Bay (IRE) | Beauport (IRE) | Fine By Me (IRE) | Lively Citizen (IRE) | Our Bills Aunt (IRE) | Safe Destination (GB) | Slievegar (GB) | The Newest One (IRE) | Touchwoodexpress (IRE) | Unblinking (GB),10,Alex Hales | Charlie Longsdon | D J Jeffreys | Donald McCain | Jane Williams | Keiran Burke | Max Comley | Nigel & Willy Twiston-Davies | Noel Williams | Robert Bevis,,,,,,,,not_checked,,,,,not_checked,unresolved,,,not_started,,,,,,preserve_raw_unresolved,30,38,26,42,partially_shared_courses,Cheltenham (9) | Ludlow (9) | Leicester (8) | Bangor-on-Dee (5) | Cartmel (5) | Exeter (5) | Hereford (4) | Southwell (4),Chepstow (19) | Ludlow (17) | Bangor-on-Dee (13) | Hereford (12) | Ffos Las (10) | Haydock (10) | Market Rasen (9) | Southwell (9),Aintree | Ascot | Bangor-on-Dee | Carlisle | Cartmel | Catterick | Cheltenham | Chepstow | Doncaster | Exeter | Fontwell | Haydock | Hereford | Kelso | Kempton | Leicester | Ludlow | Newton Abbot | Plumpton | Southwell | Stratford | Taunton | Warwick | Wetherby | Wincanton | Worcester,deferred_until_material_use,specific_analysis_or_material_identity_risk,Strict normalisation generated an identity candidate only. Comprehensive external resolution is disproportionate without a specific analytical need. Preserve both raw labels and leave the relationship unresolved.
JOCKEY-STRICT-0018,Mlle Sophie Chuette,Mme Sophie Chuette,observed_periods_separate,14,0,304,154,458,11,Etchecoanderea (FR) | Furi De La Houssay (FR) | La Templiere (FR) | Ladybug (IRE) | Mandleft (FR) | Mi CInfilo (FR) | Rock Blanc (FR) | Screen Shot (FR) | Sweetest Thing (FR) | The Charmer (FR) | Woff (GER),9,C Plisson | Emilien Mollot | Gregoire Juillet | Kevin Plisson | M Boutin | M Delcher Sanchez | M Delzangles | S Morineau | Yoann Bonnefoy,,,,,,,,not_checked,,,,,not_checked,unresolved,,,not_started,,,,,,preserve_raw_unresolved,12,9,4,17,partially_shared_courses,Chantilly (FR) (111) | Deauville (FR) (69) | Saint-Cloud (FR) (63) | Longchamp (FR) (31) | Maisons-Laffitte (FR) (21) | Clairefontaine (FR) (3) | Compiegne (FR) (1) | Landivisiau (FR) (1),Chantilly (FR) (41) | Saint-Cloud (FR) (38) | Deauville (FR) (30) | Longchamp (FR) (23) | Chantilly (15) | Longchamp (3) | Saint-Cloud (2) | Cagnes-Sur-Mer (FR) (1),Chantilly (FR) | Deauville (FR) | Longchamp (FR) | Saint-Cloud (FR),deferred_until_material_use,specific_analysis_or_material_identity_risk,Strict normalisation generated an identity candidate only. Comprehensive external resolution is disproportionate without a specific analytical need. Preserve both raw labels and leave the relationship unresolved.
JOCKEY-STRICT-0019,Mlle Alison Massin,Mme Alison Massin,observed_periods_separate,6,0,952,101,1053,9,Best Of Light (FR) | Day Trader (FR) | Gabija (FR) | Hasapiko (FR) | Korem (FR) | Magic Vati (FR) | Planthalya (FR) | Ruudje (FR) | Villa Celina (FR),17,A S & D Allard | C & Y Lerner | C Plisson | Edouard Thueux | F-X De Chevigny | G Doleuze | G Pannier | H De Nicolay | Julien Phelippon | M Nigge | Mme P Butel & J-L Beaunez | N Clement | S Cerulis | S Gouyette | S Morineau | S Wattel | Y Barberot,,,,,,,,not_checked,,,,,not_checked,unresolved,,,not_started,,,,,,preserve_raw_unresolved,20,8,5,23,partially_shared_courses,Deauville (FR) (394) | Chantilly (FR) (269) | Saint-Cloud (FR) (126) | Maisons-Laffitte (FR) (73) | Longchamp (FR) (54) | Clairefontaine (FR) (8) | Fontainebleau (FR) (5) | Cagnes-Sur-Mer (FR) (4),Deauville (FR) (37) | Chantilly (FR) (21) | Deauville (14) | Saint-Cloud (FR) (11) | Longchamp (FR) (9) | Saint-Cloud (6) | Chantilly (2) | Le Croise-Laroche (FR) (1),Chantilly (FR) | Deauville (FR) | Le Croise-Laroche (FR) | Longchamp (FR) | Saint-Cloud (FR),deferred_until_material_use,specific_analysis_or_material_identity_risk,Strict normalisation generated an identity candidate only. Comprehensive external resolution is disproportionate without a specific analytical need. Preserve both raw labels and leave the relationship unresolved.
JOCKEY-STRICT-0020,Alan OSullivan,Mr Alan OSullivan,observed_periods_separate,1,0,37,272,309,9,Divaboriva (IRE) | Harbour Highway (IRE) | Jisco Du Brem (FR) | Lisleigh Lad (IRE) | Midleton Rare (IRE) | Muckanagh Lough (IRE) | Robbie Diamonds (IRE) | Themanintheanorak (IRE) | Uptaurintop (IRE),13,Emmet Mullins | Eugene M OSullivan | Gordon Elliott | Ian Patrick Donoghue | Jonathan Sweeney | Michael Barry | Miss Hilary McLoughlin | Ms Eleanor Broderick | P A Fahy | Patrick T Foley | Paul OFlynn | Terence OBrien | W J Burke,,,,,,,,not_checked,,,,,not_checked,unresolved,,,not_started,,,,,,preserve_raw_unresolved,10,41,5,46,partially_shared_courses,Ballinrobe (8) | Cork (6) | Killarney (6) | Punchestown (5) | Wexford (5) | Limerick (3) | Clonmel (1) | Down Royal (1),Cork (IRE) (37) | Listowel (IRE) (24) | Clonmel (IRE) (16) | Galway (IRE) (16) | Killarney (IRE) (16) | Ballinrobe (IRE) (13) | Limerick (IRE) (13) | Fairyhouse (9),Clonmel | Cork | Down Royal | Limerick | Punchestown,deferred_until_material_use,specific_analysis_or_material_identity_risk,Strict normalisation generated an identity candidate only. Comprehensive external resolution is disproportionate without a specific analytical need. Preserve both raw labels and leave the relationship unresolved.
JOCKEY-STRICT-0021,Freddie Keighley,Mr Freddie Keighley,observed_periods_separate,44,0,162,22,184,9,Back On The Lash (GB) | Continuance (GB) | Don Rafael (IRE) | Hot Goddess (IRE) | Osterberg (IRE) | Pike Road (GB) | Prairie Diamond (IRE) | Redbridge Rambler (IRE) | She Has Notions (IRE),4,Claire Dyson | Martin Keighley | Oliver Greenall & Josh Guerriero | Ryan Potter,,,,,,,,not_checked,,,,,not_checked,unresolved,,,not_started,,,,,,preserve_raw_unresolved,35,18,15,38,partially_shared_courses,Cheltenham (12) | Taunton (11) | Uttoxeter (10) | Lingfield (9) | Wincanton (8) | Chepstow (7) | Hereford (7) | Southwell (7),Catterick (2) | Ludlow (2) | Southwell (2) | Worcester (2) | Cartmel (1) | Cheltenham (1) | Chepstow (1) | Doncaster (1),Catterick | Cheltenham | Chepstow | Doncaster | Exeter | Haydock | Hereford | Kelso | Ludlow | Newton Abbot | Sandown | Southwell | Warwick | Wincanton | Worcester,deferred_until_material_use,specific_analysis_or_material_identity_risk,Strict normalisation generated an identity candidate only. Comprehensive external resolution is disproportionate without a specific analytical need. Preserve both raw labels and leave the relationship unresolved.
JOCKEY-STRICT-0022,Mlle Laura Poggionovo,Mme Laura Poggionovo,observed_periods_separate,7,0,220,88,308,9,Captain Eagle (FR) | Handhy (FR) | Jiepies Melody (FR) | Jimfa (FR) | Jolly Gold (FR) | Just Light (FR) | Kaleo Palace (FR) | Kathina (FR) | Le Bolero (FR),3,Alain Couetil | C Plisson | Gianluca Bietolini,,,,,,,,not_checked,,,,,not_checked,unresolved,,,not_started,,,,,,preserve_raw_unresolved,19,8,4,23,partially_shared_courses,Deauville (FR) (74) | Saint-Cloud (FR) (42) | Chantilly (FR) (35) | Maisons-Laffitte (FR) (23) | Longchamp (FR) (15) | Auteuil (FR) (13) | Enghien (FR) (3) | Fontainebleau (FR) (3),Deauville (FR) (24) | Saint-Cloud (FR) (23) | Chantilly (FR) (14) | Longchamp (FR) (10) | Deauville (8) | Chantilly (4) | Longchamp (3) | Saint-Cloud (2),Chantilly (FR) | Deauville (FR) | Longchamp (FR) | Saint-Cloud (FR),deferred_until_material_use,specific_analysis_or_material_identity_risk,Strict normalisation generated an identity candidate only. Comprehensive external resolution is disproportionate without a specific analytical need. Preserve both raw labels and leave the relationship unresolved.
JOCKEY-STRICT-0023,Mlle Aude Duporte,Mme Aude Duporte,observed_periods_separate,426,0,706,56,762,8,Diwan Senora (FR) | Faster (FR) | Forever Coco (FR) | Jack OBoy (FR) | Kick Boxing (FR) | Lettys Marvel (FR) | Recoletty (FR) | Uzel (FR),7,C Le Veel | D & P ProdHomme | F-X Belvisi | F-X De Chevigny | Gianluca Bietolini | Mme G Rarick | S Cerulis,,,,,,,,not_checked,,,,,not_checked,unresolved,,,not_started,,,,,,preserve_raw_unresolved,16,5,5,16,partially_shared_courses,Deauville (FR) (274) | Chantilly (FR) (199) | Saint-Cloud (FR) (102) | Maisons-Laffitte (FR) (57) | Longchamp (FR) (55) | Clairefontaine (FR) (8) | Compiegne (FR) (2) | Angers (FR) (1),Deauville (FR) (39) | Chantilly (FR) (8) | Saint-Cloud (FR) (6) | Longchamp (FR) (2) | Dieppe (FR) (1),Chantilly (FR) | Deauville (FR) | Dieppe (FR) | Longchamp (FR) | Saint-Cloud (FR),deferred_until_material_use,specific_analysis_or_material_identity_risk,Strict normalisation generated an identity candidate only. Comprehensive external resolution is disproportionate without a specific analytical need. Preserve both raw labels and leave the relationship unresolved.
JOCKEY-STRICT-0024,James Turner,Mr James Turner,observed_periods_separate,12,0,340,53,393,8,Ballintubber Boy (IRE) | Fantomas (FR) | Mavis Pike (GB) | Moroval (IRE) | One True King (IRE) | Pawpaw (GB) | Sleve Donard (IRE) | The Newest One (IRE),6,Anthony Day | David Bridgwater | John OShea | Nigel Twiston-Davies | Stuart Edmunds | Tracey Leeson,,,,,,,,not_checked,,,,,not_checked,unresolved,,,not_started,,,,,,preserve_raw_unresolved,42,26,22,46,partially_shared_courses,Worcester (26) | Hereford (20) | Uttoxeter (18) | Ludlow (17) | Southwell (17) | Cheltenham (16) | Warwick (16) | Chepstow (15),Ludlow (5) | Warwick (5) | Hereford (4) | Southwell (4) | Worcester (4) | Huntingdon (3) | Cheltenham (2) | Doncaster (2),Ascot | Bangor-on-Dee | Cheltenham | Chepstow | Doncaster | Fakenham | Ffos Las | Fontwell | Hereford | Huntingdon | Ludlow | Market Rasen | Newcastle | Plumpton | Sandown | Southwell | Uttoxeter | Warwick | Wincanton | Windsor | Wolverhampton (AW) | Worcester,deferred_until_material_use,specific_analysis_or_material_identity_risk,Strict normalisation generated an identity candidate only. Comprehensive external resolution is disproportionate without a specific analytical need. Preserve both raw labels and leave the relationship unresolved.
JOCKEY-STRICT-0025,Mr Robbie David,Robbie David,observed_periods_separate,12,0,58,78,136,8,Begin The Luck (IRE) | Broomfield Gale (IRE) | Chicago Storm (GB) | Coconut Twist (IRE) | Lady Kloppenheim (IRE) | Sea Thrift (IRE) | Snap Fish (IRE) | Teorie (IRE),2,Daisy Hitchins | H Ryall,,,,,,,,not_checked,,,,,not_checked,unresolved,,,not_started,,,,,,preserve_raw_unresolved,17,22,16,23,partially_shared_courses,Exeter (11) | Newton Abbot (9) | Stratford (7) | Wincanton (7) | Taunton (5) | Huntingdon (3) | Warwick (3) | Worcester (3),Wincanton (12) | Exeter (7) | Stratford (7) | Taunton (7) | Worcester (6) | Newton Abbot (5) | Cheltenham (4) | Fontwell (4),Cheltenham | Chepstow | Exeter | Fontwell | Huntingdon | Kempton | Leicester | Ludlow | Newton Abbot | Plumpton | Southwell | Stratford | Taunton | Warwick | Wincanton | Worcester,deferred_until_material_use,specific_analysis_or_material_identity_risk,Strict normalisation generated an identity candidate only. Comprehensive external resolution is disproportionate without a specific analytical need. Preserve both raw labels and leave the relationship unresolved.
JOCKEY-STRICT-0026,Mlle Lorette Gallo,Mme Lorette Gallo,observed_periods_separate,5,0,133,188,321,8,Bombey (FR) | King Robbe (FR) | Manne (FR) | Mi CInfilo (FR) | Mowaeva (FR) | Pink Valentine (FR) | Vautrin (IRE) | Woff (GER),1,M Boutin,,,,,,,,not_checked,,,,,not_checked,unresolved,,,not_started,,,,,,preserve_raw_unresolved,7,12,6,13,partially_shared_courses,Chantilly (FR) (42) | Longchamp (FR) (30) | Saint-Cloud (FR) (29) | Deauville (FR) (28) | Dieppe (FR) (2) | Fontainebleau (FR) (1) | Le Croise-Laroche (FR) (1),Chantilly (FR) (43) | Chantilly (30) | Deauville (FR) (29) | Deauville (24) | Saint-Cloud (23) | Saint-Cloud (FR) (19) | Longchamp (FR) (9) | Longchamp (5),Chantilly (FR) | Deauville (FR) | Fontainebleau (FR) | Le Croise-Laroche (FR) | Longchamp (FR) | Saint-Cloud (FR),deferred_until_material_use,specific_analysis_or_material_identity_risk,Strict normalisation generated an identity candidate only. Comprehensive external resolution is disproportionate without a specific analytical need. Preserve both raw labels and leave the relationship unresolved.
JOCKEY-STRICT-0027,Callum Pritchard,Mr Callum Pritchard,observed_periods_separate,30,0,542,55,597,7,Cocardier (FR) | High Game Royal (FR) | Honneur dAjonc (FR) | Iris Des Issards (FR) | Sassified (IRE) | Shesupincourt (GB) | Stormin Crossgales (IRE),12,Alan Jones | Chris Down | David Rees | Debra Hamer | Harriet Dickin | Jane Williams | Joe Tickle | Kayley Woollacott | Philip Hobbs & Johnson White | Ryan Potter | Tim Vaughan | Tom George,,,,,,,,not_checked,,,,,not_checked,unresolved,,,not_started,,,,,,preserve_raw_unresolved,41,20,19,42,partially_shared_courses,Chepstow (41) | Hereford (34) | Ffos Las (33) | Exeter (30) | Wincanton (27) | Taunton (26) | Newton Abbot (24) | Ludlow (23),Wincanton (7) | Exeter (6) | Newton Abbot (6) | Taunton (6) | Worcester (5) | Ludlow (3) | Stratford (3) | Cartmel (2),Aintree | Cartmel | Cheltenham | Chepstow | Exeter | Ffos Las | Hereford | Hexham | Kelso | Leicester | Ludlow | Market Rasen | Newton Abbot | Plumpton | Stratford | Taunton | Uttoxeter | Wincanton | Worcester,deferred_until_material_use,specific_analysis_or_material_identity_risk,Strict normalisation generated an identity candidate only. Comprehensive external resolution is disproportionate without a specific analytical need. Preserve both raw labels and leave the relationship unresolved.
