candidate_course_label,candidate_jurisdiction,exact_query,result_index,provider_place_id,provider_name,provider_display_name,country_code_match,course_name_match,racecourse_name_match,provider_object_match,suspicious_name_match,automatic_eligible,provider_class,provider_type,course_decision,decision_reason
Kempton (AW),Great Britain,"Kempton racecourse, United Kingdom",0,node:565754665,Kempton Park Racecourse,"Kempton Park Racecourse, Staines Road East, Kempton Park, Borough of Spelthorne, Surrey, England, TW16 5DY, United Kingdom",True,True,True,False,False,False,highway,bus_stop,manual_review_required,No returned object passed every conservative automatic acceptance check.
Kempton (AW),Great Britain,"Kempton racecourse, United Kingdom",1,node:565754664,Kempton Park Racecourse,"Kempton Park Racecourse, Staines Road East, Kempton Park, Borough of Spelthorne, Surrey, England, TW16 5PA, United Kingdom",True,True,True,False,False,False,highway,bus_stop,manual_review_required,No returned object passed every conservative automatic acceptance check.
Lingfield (AW),Great Britain,"Lingfield racecourse, United Kingdom",0,node:565760427,Lingfield Racecourse,"Lingfield Racecourse, Racecourse Road, Lingfield, Dormansland, Tandridge, Surrey, England, RH7 6GF, United Kingdom",True,True,True,False,False,False,highway,bus_stop,manual_review_required,No returned object passed every conservative automatic acceptance check.
Dundalk (AW),Ireland,"Dundalk racecourse, Ireland",0,way:260443396,Dundalk Stadium,"Dundalk Stadium, Inner Relief Road, Dundalk Rural ED, The Municipal District of Dundalk, County Louth, Leinster, A91 FFP3, Ireland",True,True,False,False,False,False,building,yes,manual_review_required,No returned object passed every conservative automatic acceptance check.
Saint-Cloud,France,"Saint-Cloud hippodrome, France",0,node:7466433229,Saint-Cloud - Hippodrome,"Saint-Cloud - Hippodrome, Avenue de Saint-Cloud, Quartier d'Auteuil, 16th Arrondissement, Paris, Ile-de-France, Metropolitan France, 75016, France",True,True,True,False,False,False,amenity,bicycle_rental,manual_review_required,No returned object passed every conservative automatic acceptance check.
Ayr,Great Britain,"Ayr racecourse, United Kingdom",0,way:118043629,Ayr Racecourse,"Ayr Racecourse, Dalmilling Drive, Dalmilling, Prestwick, South Ayrshire, Scotland, KA8 0QP, United Kingdom",True,True,True,True,False,True,leisure,sports_centre,manual_review_required,"More than one distinct provider object passed the automatic checks, so selection is ambiguous."
Ayr,Great Britain,"Ayr racecourse, United Kingdom",1,relation:1628410,Ayr Racecourse,"Ayr Racecourse, Mainholm Court, Dalmilling, Prestwick, South Ayrshire, Scotland, KA8 0RN, United Kingdom",True,True,True,True,False,True,leisure,track,manual_review_required,"More than one distinct provider object passed the automatic checks, so selection is ambiguous."
Chepstow,Great Britain,"Chepstow racecourse, United Kingdom",0,way:86003181,Chepstow Avenue,"Chepstow Avenue, Sale West, Broadheath, West Timperley, Trafford, Greater Manchester, England, M33 4QP, United Kingdom",True,True,False,False,False,False,highway,residential,manual_review_required,No returned object passed every conservative automatic acceptance check.
Haydock,Great Britain,"Haydock racecourse, United Kingdom",0,relation:17744310,Haydock Park Racecourse,"Haydock Park Racecourse, M6, Old Boston, Haydock, St Helens, Liverpool City Region, England, WA11 9DT, United Kingdom",True,True,True,True,False,True,leisure,sports_centre,manual_review_required,"More than one distinct provider object passed the automatic checks, so selection is ambiguous."
Haydock,Great Britain,"Haydock racecourse, United Kingdom",1,relation:1658342,Haydock Park Racecourse,"Haydock Park Racecourse, Oakfield Avenue, Stubshaw Cross, Edge Green, Wigan, Greater Manchester, England, WA3 3QT, United Kingdom",True,True,True,True,False,True,leisure,track,manual_review_required,"More than one distinct provider object passed the automatic checks, so selection is ambiguous."
Haydock,Great Britain,"Haydock racecourse, United Kingdom",2,node:533844173,LODGE LN/HAYDOCK RACECOURSE,"LODGE LN/HAYDOCK RACECOURSE, Lodge Lane, Old Boston, Haydock, St Helens, Liverpool City Region, England, WA12 0JF, United Kingdom",True,True,True,False,False,False,highway,bus_stop,manual_review_required,"More than one distinct provider object passed the automatic checks, so selection is ambiguous."
Catterick,Great Britain,"Catterick racecourse, United Kingdom",0,way:358674072,Catterick Racecourse,"Catterick Racecourse, Catterick Bridge Cycleway, Catterick Bridge, Brough with St. Giles, Brompton-on-Swale, North Yorkshire, York and North Yorkshire, England, DL10 7HW, United Kingdom",True,True,True,True,False,True,leisure,sports_centre,manual_review_required,"More than one distinct provider object passed the automatic checks, so selection is ambiguous."
Catterick,Great Britain,"Catterick racecourse, United Kingdom",1,relation:7832717,Catterick Racecourse,"Catterick Racecourse, Catterick Bridge Cycleway, Catterick Bridge, Brough with St. Giles, Brompton-on-Swale, North Yorkshire, York and North Yorkshire, England, DL10 7HW, United Kingdom",True,True,True,True,False,True,leisure,track,manual_review_required,"More than one distinct provider object passed the automatic checks, so selection is ambiguous."
Curragh,Ireland,"Curragh racecourse, Ireland",0,way:540395989,Curragh Racecourse Entrance,"Curragh Racecourse Entrance, R413, Kildare ED, The Municipal District of Kildare — Newbridge, County Kildare, Leinster, Ireland",True,True,True,False,False,False,building,yes,manual_review_required,No returned object passed every conservative automatic acceptance check.
Ascot,Great Britain,"Ascot racecourse, United Kingdom",0,relation:17572746,Ascot Racecourse,"Ascot Racecourse, King Edwards Road, Chavey Down, Winkfield, Bracknell Forest, England, SL5 8PY, United Kingdom",True,True,True,True,False,True,leisure,sports_centre,manual_review_required,"More than one distinct provider object passed the automatic checks, so selection is ambiguous."
Ascot,Great Britain,"Ascot racecourse, United Kingdom",1,relation:1657807,Ascot Racecourse,"Ascot Racecourse, Winkfield Road, North Ascot, Sunninghill and Ascot, Ascot, Royal Borough of Windsor and Maidenhead, England, SL5 7EY, United Kingdom",True,True,True,True,False,True,leisure,track,manual_review_required,"More than one distinct provider object passed the automatic checks, so selection is ambiguous."
Fairyhouse,Ireland,"Fairyhouse racecourse, Ireland",0,node:8362676495,Fairyhouse Racecourse,"Fairyhouse Racecourse, Racecourse Service Road, Ballybin, Ratoath ED, The Municipal District of Ratoath, County Meath, Leinster, Ireland",True,True,True,False,False,False,highway,bus_stop,manual_review_required,No returned object passed every conservative automatic acceptance check.
Fairyhouse,Ireland,"Fairyhouse racecourse, Ireland",1,node:8362676502,Fairyhouse Racecourse,"Fairyhouse Racecourse, Fairyhouse Road, Gormanstown, Dunshaughlin ED, The Municipal District of Ratoath, County Meath, Leinster, Ireland",True,True,True,False,False,False,highway,bus_stop,manual_review_required,No returned object passed every conservative automatic acceptance check.
Brighton,Great Britain,"Brighton racecourse, United Kingdom",0,way:392435017,Brighton Racecourse,"Brighton Racecourse, Freshfield Road, Whitehawk, Brighton, Brighton and Hove, England, BN2 9XZ, United Kingdom",True,True,True,True,False,True,leisure,stadium,manual_review_required,"More than one distinct provider object passed the automatic checks, so selection is ambiguous."
Brighton,Great Britain,"Brighton racecourse, United Kingdom",1,way:32930024,Brighton Racecourse,"Brighton Racecourse, Swanborough Drive, Whitehawk, Brighton, Brighton and Hove, England, BN2 5QD, United Kingdom",True,True,True,True,False,True,leisure,track,manual_review_required,"More than one distinct provider object passed the automatic checks, so selection is ambiguous."
Brighton,Great Britain,"Brighton racecourse, United Kingdom",2,way:904437604,Brighton Racecourse,"Brighton Racecourse, Downland Road, Woodingdean, Brighton, Brighton and Hove, England, BN2 6DP, United Kingdom",True,True,True,True,False,True,leisure,track,manual_review_required,"More than one distinct provider object passed the automatic checks, so selection is ambiguous."
Brighton,Great Britain,"Brighton racecourse, United Kingdom",3,way:264131582,Brighton Racecourse,"Brighton Racecourse, Freshfield Road, Whitehawk, Brighton, Brighton and Hove, England, BN2 9DG, United Kingdom",True,True,True,False,False,False,building,grandstand,manual_review_required,"More than one distinct provider object passed the automatic checks, so selection is ambiguous."
Brighton,Great Britain,"Brighton racecourse, United Kingdom",4,way:972013280,Brighton Racecourse,"Brighton Racecourse, Wilson Avenue, Whitehawk, Brighton, Brighton and Hove, England, BN2 5LH, United Kingdom",True,True,True,True,False,True,leisure,track,manual_review_required,"More than one distinct provider object passed the automatic checks, so selection is ambiguous."
Market Rasen,Great Britain,"Market Rasen racecourse, United Kingdom",0,node:1789140944,Market Rasen Racecourse,"Market Rasen Racecourse, Legsby Road, Market Rasen, West Lindsey, Lincolnshire, Greater Lincolnshire, England, LN8 3EA, United Kingdom",True,True,True,False,False,False,tourism,camp_site,manual_review_required,No returned object passed every conservative automatic acceptance check.
Lingfield,Great Britain,"Lingfield racecourse, United Kingdom",0,node:565760427,Lingfield Racecourse,"Lingfield Racecourse, Racecourse Road, Lingfield, Dormansland, Tandridge, Surrey, England, RH7 6GF, United Kingdom",True,True,True,False,False,False,highway,bus_stop,manual_review_required,No returned object passed every conservative automatic acceptance check.
Limerick,Ireland,"Limerick racecourse, Ireland",0,way:1006515395,Limerick Racecourse,"Limerick Racecourse, L1407, Crecora, The Municipal District of Adare — Rathkeale, County Limerick, Munster, Ireland",True,True,True,True,False,True,leisure,sports_centre,manual_review_required,"More than one distinct provider object passed the automatic checks, so selection is ambiguous."
Limerick,Ireland,"Limerick racecourse, Ireland",1,way:94014211,Limerick Racecourse,"Limerick Racecourse, L1407, Crecora, The Municipal District of Adare — Rathkeale, County Limerick, Munster, V94 K858, Ireland",True,True,True,True,False,True,leisure,track,manual_review_required,"More than one distinct provider object passed the automatic checks, so selection is ambiguous."
Meydan,United Arab Emirates,"Meydan racecourse, United Arab Emirates",0,relation:2265521,Meydan Racecourse,"Meydan Racecourse, Meydan, Nad Al Sheba, Dubai, Dubai Emirate, United Arab Emirates",True,True,True,False,False,False,highway,bridleway,manual_review_required,No returned object passed every conservative automatic acceptance check.
Hamilton,Great Britain,"Hamilton racecourse, United Kingdom",0,way:4204758,Hamilton Road,"Hamilton Road, Racecourse, Ipswich, Suffolk, England, IP3 9AL, United Kingdom",True,True,False,False,False,False,highway,residential,manual_review_required,No returned object passed every conservative automatic acceptance check.
Warwick,Great Britain,"Warwick racecourse, United Kingdom",0,way:129400908,Warwick Racecourse Caravan Club Site,"Warwick Racecourse Caravan Club Site, Hampton Street, Woodloes Park, Warwick, Hampton Magna, Warwick, Warwickshire, England, CV34 6HN, United Kingdom",True,True,True,False,True,False,tourism,caravan_site,manual_review_required,No returned object passed every conservative automatic acceptance check.
Warwick,Great Britain,"Warwick racecourse, United Kingdom",1,way:324118323,Warwick Racecourse Footbridge,"Warwick Racecourse Footbridge, Woodloes Park, Warwick, Hampton Magna, Warwick, Warwickshire, England, CV34 5HQ, United Kingdom",True,True,True,False,False,False,highway,footway,manual_review_required,No returned object passed every conservative automatic acceptance check.
Sedgefield,Great Britain,"Sedgefield racecourse, United Kingdom",0,relation:17556048,Sedgefield Racecourse,"Sedgefield Racecourse, Racecourse Road, Bradbury and the Isle, Sedgefield, County Durham, North East, England, TS21 2HW, United Kingdom",True,True,True,True,False,True,leisure,track,manual_review_required,"More than one distinct provider object passed the automatic checks, so selection is ambiguous."
Sedgefield,Great Britain,"Sedgefield racecourse, United Kingdom",1,way:1137874398,Sedgefield Racecourse,"Sedgefield Racecourse, Racecourse Road, Bradbury and the Isle, Stockton-on-Tees, County Durham, North East, England, TS21 2HW, United Kingdom",True,True,True,True,False,True,leisure,sports_centre,manual_review_required,"More than one distinct provider object passed the automatic checks, so selection is ambiguous."
Cheltenham,Great Britain,"Cheltenham racecourse, United Kingdom",0,way:153681151,Cheltenham Racecourse,"Cheltenham Racecourse, New Barn Lane, Marle Hill, Prestbury, Cheltenham, Gloucestershire, England, GL52 3LT, United Kingdom",True,True,True,True,False,True,leisure,sports_centre,manual_review_required,"More than one distinct provider object passed the automatic checks, so selection is ambiguous."
Cheltenham,Great Britain,"Cheltenham racecourse, United Kingdom",1,relation:2254209,Cheltenham Racecourse,"Cheltenham Racecourse, Best Mate Enclosure, Marle Hill, Prestbury, Cheltenham, Gloucestershire, England, GL50 4SH, United Kingdom",True,True,True,True,False,True,leisure,track,manual_review_required,"More than one distinct provider object passed the automatic checks, so selection is ambiguous."
Cheltenham,Great Britain,"Cheltenham racecourse, United Kingdom",2,node:15825263,Cheltenham Racecourse,"Cheltenham Racecourse, Evesham Road, Kingsditch, Prestbury, Cheltenham, Gloucestershire, England, GL50 4SJ, United Kingdom",True,True,True,False,False,False,railway,station,manual_review_required,"More than one distinct provider object passed the automatic checks, so selection is ambiguous."
Cheltenham,Great Britain,"Cheltenham racecourse, United Kingdom",3,way:169279084,Cheltenham Racecourse,"Cheltenham Racecourse, Club Enclosure, Marle Hill, Prestbury, Cheltenham, Gloucestershire, England, GL50 4SH, United Kingdom",True,True,True,False,False,False,building,stadium,manual_review_required,"More than one distinct provider object passed the automatic checks, so selection is ambiguous."
Cheltenham,Great Britain,"Cheltenham racecourse, United Kingdom",4,node:5844207569,Cheltenham Racecourse,"Cheltenham Racecourse, Evesham Road, Marle Hill, Prestbury, Cheltenham, Gloucestershire, England, GL50 4QB, United Kingdom",True,True,True,False,False,False,place,house,manual_review_required,"More than one distinct provider object passed the automatic checks, so selection is ambiguous."
Chester,Great Britain,"Chester racecourse, United Kingdom",0,way:251213860,Chester Racecourse,"Chester Racecourse, Watergate Square, Handbridge, City of Chester, Chester, Cheshire West and Chester, England, CH1 2LY, United Kingdom",True,True,True,True,False,True,leisure,sports_centre,manual_review_required,"More than one distinct provider object passed the automatic checks, so selection is ambiguous."
Chester,Great Britain,"Chester racecourse, United Kingdom",1,relation:7393385,Chester Racecourse,"Chester Racecourse, Saddlery Way, Hough Green, City of Chester, Chester, Cheshire West and Chester, England, CH1 4LZ, United Kingdom",True,True,True,True,False,True,leisure,track,manual_review_required,"More than one distinct provider object passed the automatic checks, so selection is ambiguous."
Perth,Great Britain,"Perth racecourse, United Kingdom",0,way:4259854,Perth Close,"Perth Close, Racecourse Estate, London Borough of Ealing, Greater London, England, UB5 4AU, United Kingdom",True,True,False,False,False,False,highway,residential,manual_review_required,No returned object passed every conservative automatic acceptance check.
Hexham,Great Britain,"Hexham racecourse, United Kingdom",0,node:435173092,Hexham RaceCourse,"Hexham RaceCourse, Causey Hill Way, Hexham, Northumberland, North East, England, NE46 2RD, United Kingdom",True,True,True,True,False,True,leisure,sports_centre,manual_review_required,"More than one distinct provider object passed the automatic checks, so selection is ambiguous."
Hexham,Great Britain,"Hexham racecourse, United Kingdom",1,relation:1997318,Hexham Racecourse,"Hexham Racecourse, Yarridge Road, Hexham, Northumberland, North East, England, NE46 1SA, United Kingdom",True,True,True,True,False,True,leisure,track,manual_review_required,"More than one distinct provider object passed the automatic checks, so selection is ambiguous."
Galway,Ireland,"Galway racecourse, Ireland",0,node:2105124846,Gas Networks Ireland,"Gas Networks Ireland, 6, Racecourse Business Park, Ballybrit, Galway, County Galway, Connacht, H91 X02D, Ireland",True,False,False,False,False,False,office,company,manual_review_required,No returned object passed every conservative automatic acceptance check.
Galway,Ireland,"Galway racecourse, Ireland",1,node:2105124960,Truvo Ireland Limited,"Truvo Ireland Limited, Racecourse Business Park, Ballybrit, Galway, County Galway, Connacht, H91 TF20, Ireland",True,False,False,False,False,False,office,company,manual_review_required,No returned object passed every conservative automatic acceptance check.
Galway,Ireland,"Galway racecourse, Ireland",2,node:2105124870,Chubb Ireland Limited,"Chubb Ireland Limited, Racecourse Business Park, Ballybrit, Galway, County Galway, Connacht, H91 TF20, Ireland",True,False,False,False,False,False,office,security,manual_review_required,No returned object passed every conservative automatic acceptance check.
Maisons-Laffitte,France,"Maisons-Laffitte hippodrome, France",0,way:32937967,Rue de Maisons-Laffitte,"Rue de Maisons-Laffitte, Lotissement Le Clos de Méon, Pau Nord, Mermoz - Université - Hippodrome, Pau, Pyrénées-Atlantiques, Nouvelle-Aquitaine, Metropolitan France, 64000, France",True,True,False,False,False,False,highway,residential,manual_review_required,No returned object passed every conservative automatic acceptance check.
Kempton,Great Britain,"Kempton racecourse, United Kingdom",0,node:565754665,Kempton Park Racecourse,"Kempton Park Racecourse, Staines Road East, Kempton Park, Borough of Spelthorne, Surrey, England, TW16 5DY, United Kingdom",True,True,True,False,False,False,highway,bus_stop,manual_review_required,No returned object passed every conservative automatic acceptance check.
Kempton,Great Britain,"Kempton racecourse, United Kingdom",1,node:565754664,Kempton Park Racecourse,"Kempton Park Racecourse, Staines Road East, Kempton Park, Borough of Spelthorne, Surrey, England, TW16 5PA, United Kingdom",True,True,True,False,False,False,highway,bus_stop,manual_review_required,No returned object passed every conservative automatic acceptance check.
Fakenham,Great Britain,"Fakenham racecourse, United Kingdom",0,relation:6834992,Fakenham Racecourse,"Fakenham Racecourse, Massey Court, Fakenham, North Norfolk, Norfolk, England, NR21 9TB, United Kingdom",True,True,True,True,False,True,leisure,track,manual_review_required,"More than one distinct provider object passed the automatic checks, so selection is ambiguous."
Fakenham,Great Britain,"Fakenham racecourse, United Kingdom",1,way:322215184,Fakenham Racecourse,"Fakenham Racecourse, Massey Court, Fakenham, North Norfolk, Norfolk, England, NR21 7NY, United Kingdom",True,True,True,True,False,True,leisure,sports_centre,manual_review_required,"More than one distinct provider object passed the automatic checks, so selection is ambiguous."
Fakenham,Great Britain,"Fakenham racecourse, United Kingdom",2,node:294163861,Fakenham Racecourse,"Fakenham Racecourse, Dereham Road, Pudding Norton, North Norfolk, Norfolk, England, NR21 7NB, United Kingdom",True,True,True,False,False,False,tourism,camp_site,manual_review_required,"More than one distinct provider object passed the automatic checks, so selection is ambiguous."
Randwick,Australia,"Randwick racecourse, Australia",0,relation:5716138,Randwick Racecourse,"Randwick Racecourse, Randwick, Eastern Suburbs, Sydney, New South Wales, 2031, Australia",True,True,True,False,False,False,landuse,recreation_ground,manual_review_required,No returned object passed every conservative automatic acceptance check.
Epsom,Great Britain,"Epsom racecourse, United Kingdom",0,node:26563318,Epsom Downs Racecourse,"Epsom Downs Racecourse, Tattenham Corner Road, Epsom, Epsom and Ewell, Surrey, England, KT18 5LQ, United Kingdom",True,True,True,False,False,False,tourism,attraction,manual_review_required,No returned object passed every conservative automatic acceptance check.
Epsom,Great Britain,"Epsom racecourse, United Kingdom",1,way:26798510,Epsom Downs Racecourse - Duchess’s Stand,"Epsom Downs Racecourse - Duchess’s Stand, Ashley Road, Langley Vale, Epsom, Epsom and Ewell, Surrey, England, KT18 5LB, United Kingdom",True,True,True,False,False,False,building,grandstand,manual_review_required,No returned object passed every conservative automatic acceptance check.
Epsom,Great Britain,"Epsom racecourse, United Kingdom",2,way:24511058,Epsom Downs Racecourse - Queen's Stand,"Epsom Downs Racecourse - Queen's Stand, Ashley Road, Langley Vale, Epsom, Epsom and Ewell, Surrey, England, KT18 5LB, United Kingdom",True,True,True,False,False,False,building,grandstand,manual_review_required,No returned object passed every conservative automatic acceptance check.
Epsom,Great Britain,"Epsom racecourse, United Kingdom",3,node:11753746947,Epsom Downs Racecourse helipads,"Epsom Downs Racecourse helipads, Tattenham Corner Road, Epsom, Epsom and Ewell, Surrey, England, KT18 5LQ, United Kingdom",True,True,True,False,False,False,aeroway,helipad,manual_review_required,No returned object passed every conservative automatic acceptance check.
Cartmel,Great Britain,"Cartmel racecourse, United Kingdom",0,way:71303237,Cartmel Racecourse,"Cartmel Racecourse, The Square, Lower Allithwaite, Cartmel, Westmorland and Furness, England, LA11 6QB, United Kingdom",True,True,True,True,False,True,leisure,sports_centre,manual_review_required,"More than one distinct provider object passed the automatic checks, so selection is ambiguous."
Cartmel,Great Britain,"Cartmel racecourse, United Kingdom",1,relation:4001772,Cartmel Racecourse,"Cartmel Racecourse, The Square, Lower Allithwaite, Cartmel, Westmorland and Furness, England, LA11 6QB, United Kingdom",True,True,True,True,False,True,leisure,track,manual_review_required,"More than one distinct provider object passed the automatic checks, so selection is ambiguous."
Sligo,Ireland,"Sligo racecourse, Ireland",0,relation:2804984,Sligo Racecourse,"Sligo Racecourse, Cleveragh Road, Cranmore, Sligo, Sligo Municipal Borough District, County Sligo, Connacht, F91 EE95, Ireland",True,True,True,True,False,True,leisure,track,manual_review_required,"More than one distinct provider object passed the automatic checks, so selection is ambiguous."
Sligo,Ireland,"Sligo racecourse, Ireland",1,way:1533710100,Sligo Racecourse,"Sligo Racecourse, Cleveragh Road, Cranmore, Sligo, Sligo Municipal Borough District, County Sligo, Connacht, Ireland",True,True,True,True,False,True,leisure,sports_centre,manual_review_required,"More than one distinct provider object passed the automatic checks, so selection is ambiguous."
Sligo,Ireland,"Sligo racecourse, Ireland",2,node:7970155692,Sligo Races - entrance,"Sligo Races - entrance, Cleveragh Road, Cranmore, Sligo, Sligo Municipal Borough District, County Sligo, Connacht, F91 EE95, Ireland",True,True,False,False,False,False,shop,ticket,manual_review_required,"More than one distinct provider object passed the automatic checks, so selection is ambiguous."
Caulfield,Australia,"Caulfield racecourse, Australia",0,way:46418586,Caulfield Racecourse,"Caulfield Racecourse, Booran Road, Caulfield East, Melbourne, Victoria, 3145, Australia",True,True,True,True,False,True,leisure,sports_centre,manual_review_required,"More than one distinct provider object passed the automatic checks, so selection is ambiguous."
Caulfield,Australia,"Caulfield racecourse, Australia",1,relation:60837,Caulfield Racecourse,"Caulfield Racecourse, Neerim Road, Caulfield East, Melbourne, Victoria, 3145, Australia",True,True,True,True,False,True,leisure,track,manual_review_required,"More than one distinct provider object passed the automatic checks, so selection is ambiguous."
Bellewstown,Ireland,"Bellewstown racecourse, Ireland",0,way:284926870,Bellewstown Racecourse,"Bellewstown Racecourse, L1615, Collierstown, Ardcath ED, The Municipal District of Ashbourne, County Meath, Leinster, Ireland",True,True,True,True,False,True,leisure,track,manual_review_required,"More than one distinct provider object passed the automatic checks, so selection is ambiguous."
Bellewstown,Ireland,"Bellewstown racecourse, Ireland",1,way:1186162229,Bellewstown Racecourse,"Bellewstown Racecourse, Woodview, Collierstown, Ardcath ED, The Municipal District of Ashbourne, County Meath, Leinster, Ireland",True,True,True,True,False,True,leisure,track,manual_review_required,"More than one distinct provider object passed the automatic checks, so selection is ambiguous."
Aintree,Great Britain,"Aintree racecourse, United Kingdom",0,relation:17553266,Aintree Racecourse,"Aintree Racecourse, Melling Road, Aintree, Aintree Village, Melling, Sefton, Liverpool City Region, England, L10 8LH, United Kingdom",True,True,True,True,False,True,leisure,sports_centre,manual_review_required,"More than one distinct provider object passed the automatic checks, so selection is ambiguous."
Aintree,Great Britain,"Aintree racecourse, United Kingdom",1,relation:1658179,Aintree Racecourse,"Aintree Racecourse, Melling Road, Aintree, Aintree Village, Melling, Sefton, Liverpool City Region, England, L10 8LH, United Kingdom",True,True,True,True,False,True,leisure,track,manual_review_required,"More than one distinct provider object passed the automatic checks, so selection is ambiguous."
Aintree,Great Britain,"Aintree racecourse, United Kingdom",2,node:533862153,AINTREE RACECOURSE,"AINTREE RACECOURSE, Ormskirk Road, Aintree, Aintree Village, Melling, Sefton, Liverpool City Region, England, L9 5AF, United Kingdom",True,True,True,False,False,False,highway,bus_stop,manual_review_required,"More than one distinct provider object passed the automatic checks, so selection is ambiguous."
Woodbine,Canada,"Woodbine racetrack, Canada",0,way:670110177,Woodbine Racetrack,"Woodbine Racetrack, Etobicoke, Toronto, Golden Horseshoe, Ontario, Canada",True,True,True,False,False,False,landuse,recreation_ground,manual_review_required,No returned object passed every conservative automatic acceptance check.
Woodbine,Canada,"Woodbine racetrack, Canada",1,way:60510609,Woodbine Racetrack,"Woodbine Racetrack, Entrance Road, West Humber-Clairville, Etobicoke North, Etobicoke, Toronto, Golden Horseshoe, Ontario, M9W 6T4, Canada",True,True,True,False,False,False,amenity,parking,manual_review_required,No returned object passed every conservative automatic acceptance check.
Woodbine,Canada,"Woodbine racetrack, Canada",2,way:60510608,Woodbine Racetrack,"Woodbine Racetrack, Dance Smartly Boulevard, West Humber-Clairville, Etobicoke North, Etobicoke, Toronto, Golden Horseshoe, Ontario, M9W 6T4, Canada",True,True,True,False,False,False,amenity,parking,manual_review_required,No returned object passed every conservative automatic acceptance check.
Woodbine,Canada,"Woodbine racetrack, Canada",3,way:60510604,Woodbine Racetrack,"Woodbine Racetrack, Woodbine Track Access, West Humber-Clairville, Etobicoke North, Etobicoke, Toronto, Golden Horseshoe, Ontario, M9W 6T4, Canada",True,True,True,False,False,False,building,commercial,manual_review_required,No returned object passed every conservative automatic acceptance check.
Nakayama,Japan,"Nakayama racecourse, Japan",0,node:286917245,Nakayama Racecourse,"Nakayama Racecourse, Chiba-kaido Ave., 東中山一丁目, Funabashi, Chiba Prefecture, 273-8501, Japan",True,True,True,False,False,False,highway,traffic_signals,manual_review_required,No returned object passed every conservative automatic acceptance check.
San Siro,Italy,"San Siro ippodromo, Italy",0,node:10036502931,San Siro Ippodromo,"San Siro Ippodromo, Via dei Rospigliosi, San Siro, Municipio 7, Milan, Lombardy, 20148, Italy",True,True,False,False,False,False,railway,station,manual_review_required,No returned object passed every conservative automatic acceptance check.
San Siro,Italy,"San Siro ippodromo, Italy",1,node:3730571801,San Siro Ippodromo,"San Siro Ippodromo, Via Pessano, San Siro, Municipio 7, Milan, Lombardy, 20148, Italy",True,True,False,False,False,False,highway,elevator,manual_review_required,No returned object passed every conservative automatic acceptance check.
San Siro,Italy,"San Siro ippodromo, Italy",2,node:10811772505,San Siro Ippodromo,"San Siro Ippodromo, Via degli Aldobrandini, San Siro, Municipio 7, Milan, Lombardy, 20148, Italy",True,True,False,False,False,False,railway,subway_entrance,manual_review_required,No returned object passed every conservative automatic acceptance check.
San Siro,Italy,"San Siro ippodromo, Italy",3,node:3729682172,San Siro Ippodromo,"San Siro Ippodromo, Via Pessano, San Siro, Municipio 7, Milan, Lombardy, 20148, Italy",True,True,False,False,False,False,railway,subway_entrance,manual_review_required,No returned object passed every conservative automatic acceptance check.
San Siro,Italy,"San Siro ippodromo, Italy",4,node:8995764095,San Siro Ippodromo,"San Siro Ippodromo, Via degli Aldobrandini, San Siro, Municipio 7, Milan, Lombardy, 20148, Italy",True,True,False,False,False,False,highway,elevator,manual_review_required,No returned object passed every conservative automatic acceptance check.
Morphettville,Australia,"Morphettville racecourse, Australia",0,way:4988257,Morphettville Racecourse,"Morphettville Racecourse, Park Terrace, Morphettville, Adelaide, South Australia, 5038, Australia",True,True,True,True,False,True,leisure,sports_centre,manual_review_required,"More than one distinct provider object passed the automatic checks, so selection is ambiguous."
Morphettville,Australia,"Morphettville racecourse, Australia",1,relation:7516124,Morphettville Racecourse,"Morphettville Racecourse, Mike Turtur Bikeway, Morphettville, Adelaide, South Australia, 5043, Australia",True,True,True,True,False,True,leisure,track,manual_review_required,"More than one distinct provider object passed the automatic checks, so selection is ambiguous."
San Isidro,Argentina,"San Isidro hipódromo, Argentina",0,way:27270028,Hipódromo de San Isidro,"Hipódromo de San Isidro, San Isidro, Partido de San Isidro, Buenos Aires, 1642, Argentina",True,True,True,False,False,False,landuse,recreation_ground,manual_review_required,No returned object passed every conservative automatic acceptance check.
San Isidro,Argentina,"San Isidro hipódromo, Argentina",1,way:197873790,Hipódromo de San Isidro,"Hipódromo de San Isidro, B° Alto La Viña, Bº Los Pinos, Salta, Capital, Salta, A4400GHA, Argentina",True,True,True,False,False,False,highway,tertiary,manual_review_required,No returned object passed every conservative automatic acceptance check.
San Isidro,Argentina,"San Isidro hipodromo, Argentina",0,way:27270028,Hipódromo de San Isidro,"Hipódromo de San Isidro, San Isidro, Partido de San Isidro, Buenos Aires, 1642, Argentina",True,True,True,False,False,False,landuse,recreation_ground,manual_review_required,No returned object passed every conservative automatic acceptance check.
San Isidro,Argentina,"San Isidro hipodromo, Argentina",1,way:197873790,Hipódromo de San Isidro,"Hipódromo de San Isidro, B° Alto La Viña, Bº Los Pinos, Salta, Capital, Salta, A4400GHA, Argentina",True,True,True,False,False,False,highway,tertiary,manual_review_required,No returned object passed every conservative automatic acceptance check.
Cagnes-Sur-Mer,France,"Cagnes-Sur-Mer hippodrome, France",0,way:232251833,Pump track de Cagnes-sur-Mer,"Pump track de Cagnes-sur-Mer, Promenade de l'Hippodrome, Cagnes-sur-Mer, Grasse, Maritime Alps, Provence-Alpes-Côte d'Azur, Metropolitan France, 06800, France",True,True,False,False,False,False,leisure,cycling_bmx_skateboard_roller_skating_kick_scooter,manual_review_required,No returned object passed every conservative automatic acceptance check.
Capannelle,Italy,"Capannelle ippodromo, Italy",0,relation:18807059,Ippodromo delle Capannelle,"Ippodromo delle Capannelle, Via Campo Farnia, Capannelle, Municipio Roma VII, Osteria del Curato, Rome, Roma Capitale, Lazio, 00178, Italy",True,True,False,True,False,False,leisure,sports_centre,manual_review_required,No returned object passed every conservative automatic acceptance check.
Capannelle,Italy,"Capannelle ippodromo, Italy",1,relation:1115921,Ippodromo delle Capannelle,"Ippodromo delle Capannelle, Grande Raccordo Anulare, Capannelle, Municipio Roma VII, Osteria del Curato, Rome, Roma Capitale, Lazio, 00178, Italy",True,True,False,True,False,False,leisure,sports_centre,manual_review_required,No returned object passed every conservative automatic acceptance check.
Gavea,Brazil,"Gavea hipódromo, Brazil",0,way:15018420,Jockey Club Brasileiro,"Jockey Club Brasileiro, 31, Praça Santos Dumont, Gávea, Rio de Janeiro, Southeast Region, 22470-060, Brazil",True,False,True,True,False,False,leisure,sports_centre,manual_review_required,No returned object passed every conservative automatic acceptance check.
Gavea,Brazil,"Gavea hipodromo, Brazil",0,way:15018420,Jockey Club Brasileiro,"Jockey Club Brasileiro, 31, Praça Santos Dumont, Gávea, Rio de Janeiro, Southeast Region, 22470-060, Brazil",True,False,True,True,False,False,leisure,sports_centre,manual_review_required,No returned object passed every conservative automatic acceptance check.
Fontainebleau,France,"Fontainebleau hippodrome, France",0,way:39539612,Hippodrome de la Solle,"Hippodrome de la Solle, Route des Deux Sœurs, Fontainebleau, Seine-et-Marne, Ile-de-France, Metropolitan France, 77300, France",True,False,True,True,False,False,leisure,sports_centre,manual_review_required,No returned object passed every conservative automatic acceptance check.
Cologne,Germany,"Cologne rennbahn, Germany",0,node:8327945385,Kiosk Cologne,"Kiosk Cologne, 2, Rennbahnstraße, Weidenpesch, Nippes, Cologne, North Rhine-Westphalia, 50737, Germany",True,True,False,False,False,False,shop,kiosk,manual_review_required,No returned object passed every conservative automatic acceptance check.
Dusseldorf,Germany,"Dusseldorf rennbahn, Germany",0,relation:75806,Pferderennbahn Düsseldorf,"Pferderennbahn Düsseldorf, 20, Rennbahnstraße, Grafenberg, Ludenberg, Stadtbezirk 7, Dusseldorf, North Rhine-Westphalia, 40629, Germany",True,True,False,True,False,False,leisure,stadium,manual_review_required,No returned object passed every conservative automatic acceptance check.
Hipodromo Chile,Chile,"Hipodromo Chile hipódromo, Chile",0,way:446887347,Edificio Alto Hipódromo,"Edificio Alto Hipódromo, 1701, Avenida Hipódromo Chile, Población Vivaceta Norte, Independencia, Santiago, Provincia de Santiago, Santiago Metropolitan Region, 8320000, Chile",True,False,True,False,False,False,building,apartments,manual_review_required,No returned object passed every conservative automatic acceptance check.
Hipodromo Chile,Chile,"Hipodromo Chile hipódromo, Chile",1,way:581041202,Edificio Vista Hipódromo,"Edificio Vista Hipódromo, 1631, Avenida Hipódromo Chile, Población Vivaceta Norte, Independencia, Santiago, Provincia de Santiago, Santiago Metropolitan Region, 8320000, Chile",True,False,True,False,False,False,building,apartments,manual_review_required,No returned object passed every conservative automatic acceptance check.
Hipodromo Chile,Chile,"Hipodromo Chile hipodromo, Chile",0,way:446887347,Edificio Alto Hipódromo,"Edificio Alto Hipódromo, 1701, Avenida Hipódromo Chile, Población Vivaceta Norte, Independencia, Santiago, Provincia de Santiago, Santiago Metropolitan Region, 8320000, Chile",True,False,True,False,False,False,building,apartments,manual_review_required,No returned object passed every conservative automatic acceptance check.
Hipodromo Chile,Chile,"Hipodromo Chile hipodromo, Chile",1,way:581041202,Edificio Vista Hipódromo,"Edificio Vista Hipódromo, 1631, Avenida Hipódromo Chile, Población Vivaceta Norte, Independencia, Santiago, Provincia de Santiago, Santiago Metropolitan Region, 8320000, Chile",True,False,True,False,False,False,building,apartments,manual_review_required,No returned object passed every conservative automatic acceptance check.
Hoppegarten,Germany,"Hoppegarten rennbahn, Germany",0,way:44910769,Rennbahn Hoppegarten,"Rennbahn Hoppegarten, Trainerweg, Dahlwitz-Hoppegarten, Neuenhagen bei Berlin, Märkisch-Oderland, Brandenburg, 15366, Germany",True,True,False,True,False,False,leisure,sports_centre,manual_review_required,No returned object passed every conservative automatic acceptance check.
Hoppegarten,Germany,"Hoppegarten rennbahn, Germany",1,node:10924010243,Rennbahn Hoppegarten,"Rennbahn Hoppegarten, 1, Goetheallee, Dahlwitz-Hoppegarten, Hoppegarten, Märkisch-Oderland, Brandenburg, 15366, Germany",True,True,False,False,False,False,amenity,events_venue,manual_review_required,No returned object passed every conservative automatic acceptance check.
Hoppegarten,Germany,"Hoppegarten rennbahn, Germany",2,node:8518236224,Rennbahn Hoppegarten,"Rennbahn Hoppegarten, Güstrower Straße, Bollensdorf, Neuenhagen bei Berlin, Märkisch-Oderland, Brandenburg, 15366, Germany",True,True,False,False,False,False,information,board,manual_review_required,No returned object passed every conservative automatic acceptance check.
Monterrico,Peru,"Monterrico hipódromo, Peru",0,way:39363100,Hipódromo de Monterrico,"Hipódromo de Monterrico, Avenida Panamericana Sur, Mariscal Ramón Castilla, Santiago de Surco, Province of Lima, Lima Metropolitan Area, Lima, 15023, Peru",True,True,True,False,False,False,leisure,pitch,manual_review_required,No returned object passed every conservative automatic acceptance check.
Monterrico,Peru,"Monterrico hipodromo, Peru",0,way:39363100,Hipódromo de Monterrico,"Hipódromo de Monterrico, Avenida Panamericana Sur, Mariscal Ramón Castilla, Santiago de Surco, Province of Lima, Lima Metropolitan Area, Lima, 15023, Peru",True,True,True,False,False,False,leisure,pitch,manual_review_required,No returned object passed every conservative automatic acceptance check.
Ellerslie,New Zealand,"Ellerslie racecourse, New Zealand",0,relation:102245,Ellerslie Racecourse,"Ellerslie Racecourse, Great Northern Terrace, Ellerslie, Ōrākei, Auckland, 1040, New Zealand",True,True,True,True,False,True,leisure,stadium,manual_review_required,"More than one distinct provider object passed the automatic checks, so selection is ambiguous."
Ellerslie,New Zealand,"Ellerslie racecourse, New Zealand",1,relation:13200804,Ellerslie Racecourse,"Ellerslie Racecourse, Great Northern Terrace, Ellerslie, Ōrākei, Auckland, 1040, New Zealand",True,True,True,True,False,True,leisure,track,manual_review_required,"More than one distinct provider object passed the automatic checks, so selection is ambiguous."
Arlington Park,United States,"Arlington Park racecourse, United States",0,way:931148525,Arlington Park Racecourse,"Arlington Park Racecourse, 5th Avenue, Babcock, East Moline, Rock Island County, Illinois, 61244, United States",True,True,True,True,False,True,leisure,sports_centre,manual_review_required,"More than one distinct provider object passed the automatic checks, so selection is ambiguous."
Arlington Park,United States,"Arlington Park racecourse, United States",1,relation:12586357,Arlington Park Racecourse,"Arlington Park Racecourse, Morton Drive, Babcock, East Moline, Rock Island County, Illinois, 61244, United States",True,True,True,True,False,True,leisure,track,manual_review_required,"More than one distinct provider object passed the automatic checks, so selection is ambiguous."
Hamburg,Germany,"Hamburg rennbahn, Germany",0,way:10626374,Horner Rennbahn,"Horner Rennbahn, Rennbahnstraße, Horn, Hamburg-Mitte, Hamburg, 22111, Germany",True,False,False,True,False,False,leisure,sports_centre,manual_review_required,No returned object passed every conservative automatic acceptance check.
Hamburg,Germany,"Hamburg rennbahn, Germany",1,way:1070872958,Jugendherberge Hamburg - Horner Rennbahn,"Jugendherberge Hamburg - Horner Rennbahn, Rennbahnstraße, Horn, Hamburg-Mitte, Hamburg, 22111, Germany",True,True,False,False,False,False,tourism,hostel,manual_review_required,No returned object passed every conservative automatic acceptance check.
Hamburg,Germany,"Hamburg rennbahn, Germany",2,way:25111502,PLAZA INN Hamburg Horner Rennbahn,"PLAZA INN Hamburg Horner Rennbahn, 90, Rennbahnstraße, Horn, Hamburg-Mitte, Hamburg, 22111, Germany",True,True,False,False,False,False,tourism,hotel,manual_review_required,No returned object passed every conservative automatic acceptance check.
Maronas,Uruguay,"Maronas hipódromo, Uruguay",0,relation:6295746,Hipodromo Nacional de Maroñas,"Hipodromo Nacional de Maroñas, Ignacio Bazzano, Marconi, Ituzaingó, Montevideo, 12300, Uruguay",True,True,True,True,False,True,leisure,stadium,manual_review_required,"More than one distinct provider object passed the automatic checks, so selection is ambiguous."
Maronas,Uruguay,"Maronas hipódromo, Uruguay",1,relation:12855941,Pista del Hipódromo de Maroñas,"Pista del Hipódromo de Maroñas, Ignacio Bazzano, Marconi, Ituzaingó, Montevideo, 12300, Uruguay",True,True,True,True,False,True,leisure,track,manual_review_required,"More than one distinct provider object passed the automatic checks, so selection is ambiguous."
Maronas,Uruguay,"Maronas hipodromo, Uruguay",0,relation:6295746,Hipodromo Nacional de Maroñas,"Hipodromo Nacional de Maroñas, Ignacio Bazzano, Marconi, Ituzaingó, Montevideo, 12300, Uruguay",True,True,True,True,False,True,leisure,stadium,manual_review_required,"More than one distinct provider object passed the automatic checks, so selection is ambiguous."
Maronas,Uruguay,"Maronas hipodromo, Uruguay",1,relation:12855941,Pista del Hipódromo de Maroñas,"Pista del Hipódromo de Maroñas, Ignacio Bazzano, Marconi, Ituzaingó, Montevideo, 12300, Uruguay",True,True,True,True,False,True,leisure,track,manual_review_required,"More than one distinct provider object passed the automatic checks, so selection is ambiguous."
Pau,France,"Pau hippodrome, France",0,node:6123622482,France Literie,"France Literie, 10, Mail de l'Hippodrome, Zone d'Activité du Mail, Lons, Pau, Pyrénées-Atlantiques, Nouvelle-Aquitaine, Metropolitan France, 64140, France",True,False,False,False,False,False,shop,bed,manual_review_required,No returned object passed every conservative automatic acceptance check.
Trentham,New Zealand,"Trentham racecourse, New Zealand",0,way:29016733,Trentham Racecourse,"Trentham Racecourse, Trentham, Upper Hutt, Upper Hutt City, Wellington, New Zealand",True,True,True,False,False,False,landuse,recreation_ground,manual_review_required,No returned object passed every conservative automatic acceptance check.
Veliefendi,Turkey,"Veliefendi hipodromu, Turkey",0,way:83097065,Veliefendi Hipodromu,"Veliefendi Hipodromu, Ekrem Kurt Bulvarı, Osmaniye Mahallesi, Bakırköy, Istanbul, Marmara Region, 34146, Turkey",True,True,False,True,False,False,leisure,sports_centre,manual_review_required,No returned object passed every conservative automatic acceptance check.
Fukushima,Japan,"Fukushima racecourse, Japan",0,node:257522930,Fukushima Racecourse,"Fukushima Racecourse, Asahicho, Shinobuyama, Fukushima, Fukushima Prefecture, 960-8131, Japan",True,True,True,False,False,False,highway,traffic_signals,manual_review_required,No returned object passed every conservative automatic acceptance check.
Kembla Grange,Australia,"Kembla Grange racecourse, Australia",0,node:1945518035,Kembla Grange,"Kembla Grange, West Dapto Road, Kembla Grange, Wollongong, New South Wales, 2526, Australia",True,True,False,False,False,False,railway,halt,manual_review_required,No returned object passed every conservative automatic acceptance check.
Ovrevoll,Norway,"Ovrevoll galoppbane, Norway",0,way:27662030,Øvrevoll galoppbane,"Øvrevoll galoppbane, Eilins vei, Eiksmarka, Østerås, Bærum, Akershus, 0750, Norway",True,False,True,True,False,False,leisure,stadium,manual_review_required,No returned object passed every conservative automatic acceptance check.
Ovrevoll,Norway,"Ovrevoll galoppbane, Norway",1,node:6465581112,Øvrevoll galoppbane,"Øvrevoll galoppbane, Bråtastien, Toppås, Eiksmarka, Østerås, Bærum, Akershus, 1359, Norway",True,False,True,False,False,False,leisure,pitch,manual_review_required,No returned object passed every conservative automatic acceptance check.
Ohi,Japan,"Ohi racecourse, Japan",0,way:14948284,Oi Racecourse,"Oi Racecourse, Kaigan Street, Katsushima 2, Katsushima, Shinagawa, Tokyo, 140-0012, Japan",True,False,True,True,False,False,leisure,stadium,manual_review_required,No returned object passed every conservative automatic acceptance check.
Krefeld,Germany,"Krefeld rennbahn, Germany",0,node:12137694319,WaldCafé Krefeld Stadtwald,"WaldCafé Krefeld Stadtwald, An der Rennbahn, Stadtwald, Bockum, Krefeld-Ost, Krefeld, North Rhine-Westphalia, 47800, Germany",True,True,False,False,False,False,amenity,restaurant,manual_review_required,No returned object passed every conservative automatic acceptance check.
Charles town,United States,"Charles town racetrack, United States",0,way:158620516,Hollywood Casino at Charles Town Races - Parking Garage,"Hollywood Casino at Charles Town Races - Parking Garage, Racetrack Street, Ranson, Jefferson County, West Virginia, 25438, United States",True,True,False,False,True,False,amenity,parking,manual_review_required,No returned object passed every conservative automatic acceptance check.
Prairie Meadows,United States,"Prairie Meadows racetrack, United States",0,way:16017085,Prairie Meadows Drive,"Prairie Meadows Drive, Prairie Meadows Racetrack and Casino, Altoona, Polk County, Iowa, 50009, United States",True,True,False,False,False,False,highway,unclassified,manual_review_required,No returned object passed every conservative automatic acceptance check.
Prairie Meadows,United States,"Prairie Meadows racetrack, United States",1,node:5369136921,Prairie Meadows Hotel,"Prairie Meadows Hotel, 1, Prairie Meadows Drive, Prairie Meadows Racetrack and Casino, Altoona, Polk County, Iowa, 50009, United States",True,True,False,False,True,False,tourism,hotel,manual_review_required,No returned object passed every conservative automatic acceptance check.
Launceston,Australia,"Launceston racecourse, Australia",0,way:114513090,Launceston Plaza,"Launceston Plaza, Racecourse Crescent, Launceston, Tasmania, 7250, Australia",True,True,False,False,False,False,shop,mall,manual_review_required,No returned object passed every conservative automatic acceptance check.
Launceston,Australia,"Launceston racecourse, Australia",1,way:320439686,Launceston Tennis Centre,"Launceston Tennis Centre, Racecourse Crescent, Launceston, Tasmania, 7250, Australia",True,True,False,True,False,False,leisure,sports_centre,manual_review_required,No returned object passed every conservative automatic acceptance check.
Launceston,Australia,"Launceston racecourse, Australia",2,way:87220590,Launceston Indoor Sports Arena,"Launceston Indoor Sports Arena, Racecourse Crescent, Launceston, Tasmania, 7250, Australia",True,True,False,True,False,False,leisure,sports_centre,manual_review_required,No returned object passed every conservative automatic acceptance check.
Sunshine Coast,Australia,"Sunshine Coast racecourse, Australia",0,way:818610269,RoadTek Sunshine Coast,"RoadTek Sunshine Coast, Racecourse Road, Sunshine Coast Industrial Park, Corbould Park, Queensland, 4551, Australia",True,True,False,False,False,False,building,industrial,manual_review_required,No returned object passed every conservative automatic acceptance check.
Funabashi,Japan,"Funabashi racecourse, Japan",0,way:723265360,Funabashi Racecourse,"Funabashi Racecourse, Prefectural Road 8, 宮本九丁目, Funabashi, Chiba Prefecture, 273-8501, Japan",True,True,True,True,False,True,leisure,sports_centre,manual_review_required,"More than one distinct provider object passed the automatic checks, so selection is ambiguous."
Funabashi,Japan,"Funabashi racecourse, Japan",1,relation:5899297,Funabashi Racecourse,"Funabashi Racecourse, Tokyo Wangan Road, 若松一丁目, Funabashi, Chiba Prefecture, 273-8501, Japan",True,True,True,True,False,True,leisure,track,manual_review_required,"More than one distinct provider object passed the automatic checks, so selection is ambiguous."
Riccarton Park,New Zealand,"Riccarton Park racecourse, New Zealand",0,node:8178827581,Riccarton Park Racecourse,"Riccarton Park Racecourse, Yaldhurst Road, Russley, Christchurch, Christchurch City, Canterbury, 8042, New Zealand",True,True,True,False,False,False,man_made,tower,manual_review_required,No returned object passed every conservative automatic acceptance check.
Mountaineer Park,United States,"Mountaineer Park racetrack, United States",0,way:336953819,"Mountaineer Casino, Racetrack and Resort","Mountaineer Casino, Racetrack and Resort, Ohio River Boulevard, Brownsdale Mobile Home Park, Grant District, Hancock County, West Virginia, 43968, United States",True,False,True,False,True,False,tourism,attraction,manual_review_required,No returned object passed every conservative automatic acceptance check.
Mountaineer Park,United States,"Mountaineer Park racetrack, United States",1,way:336953821,"Mountaineer Casino, Racetrack and Resort","Mountaineer Casino, Racetrack and Resort, Ohio River Boulevard, Brownsdale Mobile Home Park, Grant District, Hancock County, West Virginia, 43968, United States",True,False,True,False,True,False,amenity,casino,manual_review_required,No returned object passed every conservative automatic acceptance check.
Bendigo,Australia,"Bendigo racecourse, Australia",0,way:352041222,Bendigo Racecourse,"Bendigo Racecourse, Roper Terrace, Epsom, Bendigo, Victoria, 3551, Australia",True,True,True,True,False,True,leisure,sports_centre,manual_review_required,"More than one distinct provider object passed the automatic checks, so selection is ambiguous."
Bendigo,Australia,"Bendigo racecourse, Australia",1,relation:5253674,Bendigo Racecourse,"Bendigo Racecourse, Roper Terrace, Epsom, Bendigo, Victoria, 3551, Australia",True,True,True,True,False,True,leisure,track,manual_review_required,"More than one distinct provider object passed the automatic checks, so selection is ambiguous."
Seoul,South Korea,"Seoul racecourse, South Korea",0,node:355173088,Seoul Racecourse Park,"Seoul Racecourse Park, Gyeongmagongwon-daero, Gwacheon-dong, Gwacheon-si, Gyeonggi, 13823, South Korea",True,True,True,False,False,False,railway,station,manual_review_required,No returned object passed every conservative automatic acceptance check.
Seoul,South Korea,"Seoul racecourse, South Korea",1,node:6035746726,Seoul Racecourse park,"Seoul Racecourse park, Gyeongmagongwon-daero, Gwacheon-dong, Gwacheon-si, Gyeonggi, 13823, South Korea",True,True,True,False,False,False,railway,stop,manual_review_required,No returned object passed every conservative automatic acceptance check.
Klampenborg,Denmark,"Klampenborg galopbane, Denmark",0,way:349379135,Klampenborg Galopbane,"Klampenborg Galopbane, Klampenborgvej, Ordrup, Klampenborg, Gentofte Municipality, Capital Region of Denmark, 2930, Denmark",True,True,False,True,False,False,leisure,sports_centre,manual_review_required,No returned object passed every conservative automatic acceptance check.
Klampenborg,Denmark,"Klampenborg galopbane, Denmark",1,node:3962594700,Klampenborg Galopbane,"Klampenborg Galopbane, Klampenborgvej, Ordrup, Klampenborg, Gentofte Municipality, Capital Region of Denmark, 2920, Denmark",True,True,False,False,False,False,amenity,events_venue,manual_review_required,No returned object passed every conservative automatic acceptance check.
Pardubice,Czech Republic,"Pardubice závodiště, Czechia",0,node:246568072,Pardubice závodiště,"Pardubice závodiště, 37, Dukla, Nové Jesenčany, Pardubice V, Pardubice, okres Pardubice, Pardubice Region, 530 02, Czechia",True,True,False,False,False,False,railway,halt,manual_review_required,No returned object passed every conservative automatic acceptance check.
Moulins,France,"Moulins hippodrome, France",0,way:321721619,Hippodrome des Gâteaux,"Hippodrome des Gâteaux, Avenue des Isles, La Rigollée, Avermes, Moulins, Allier, Auvergne-Rhône-Alpes, Metropolitan France, 03000, France",True,False,True,True,False,False,leisure,sports_centre,manual_review_required,No returned object passed every conservative automatic acceptance check.
Sunland Park,United States,"Sunland Park racetrack, United States",0,way:787321856,Sunland Park Racetrack & Casino,"Sunland Park Racetrack & Casino, 1200, Futurity Drive, Sunland Park, Doña Ana County, New Mexico, 88063, United States",True,True,True,True,True,False,leisure,sports_centre,manual_review_required,No returned object passed every conservative automatic acceptance check.
Sunland Park,United States,"Sunland Park racetrack, United States",1,way:786456269,The Hotel at Sunland Park Racetrack & Casino/West El Paso,"The Hotel at Sunland Park Racetrack & Casino/West El Paso, 1202, Futurity Drive, Sunland Park, Doña Ana County, New Mexico, 88063, United States",True,True,True,False,True,False,tourism,hotel,manual_review_required,No returned object passed every conservative automatic acceptance check.
Delta downs,United States,"Delta downs racetrack, United States",0,way:699912721,DELTA DOWNS RACETRACK CASINO HOTEL,"DELTA DOWNS RACETRACK CASINO HOTEL, State Route 3063, Vinton, Calcasieu Parish, Louisiana, 70668, United States",True,True,True,False,True,False,amenity,casino,manual_review_required,No returned object passed every conservative automatic acceptance check.
Cholet,France,"Cholet hippodrome, France",0,way:1294744362,Cholet Sud,"Cholet Sud, Avenue de l’Hippodrome, Cholet, Maine-et-Loire, Pays de la Loire, Metropolitan France, 49300, France",True,True,False,False,False,False,highway,rest_area,manual_review_required,No returned object passed every conservative automatic acceptance check.
Emerald Downs,United States,"Emerald Downs racetrack, United States",0,way:52595250,Emerald Downs Racetrack & Casino,"Emerald Downs Racetrack & Casino, 2300, Ron Crockett Drive Northwest, Meredith, Auburn, King County, Washington, 98001, United States",True,True,True,True,True,False,leisure,stadium,manual_review_required,No returned object passed every conservative automatic acceptance check.
Northam,Australia,"Northam racecourse, Australia",0,way:325810129,Northam Racecourse,"Northam Racecourse, Road Train Assembly Area, Western Australia, 6401, Australia",True,True,True,False,False,False,leisure,recreation_ground,manual_review_required,No returned object passed every conservative automatic acceptance check.
Chateaubriant,France,"Chateaubriant hippodrome, France",0,way:37893746,Hippodrome de la Métairie Neuve,"Hippodrome de la Métairie Neuve, D 41, Le Bois Neveu, Châteaubriant, Châteaubriant-Ancenis, Loire-Atlantique, Pays de la Loire, Metropolitan France, 44660, France",True,False,True,True,False,False,leisure,sports_centre,manual_review_required,No returned object passed every conservative automatic acceptance check.
Hawthorne,United States,"Hawthorne racecourse, United States",0,way:229425938,Hawthorne Racecourse,"Hawthorne Racecourse, 3501, South Laramie Avenue, Stickney, Stickney Township, Cook County, Illinois, 60804, United States",True,True,True,False,False,False,building,grandstand,manual_review_required,No returned object passed every conservative automatic acceptance check.
Durtal,France,"Durtal hippodrome, France",0,way:617495181,Déchèterie de Durtal,"Déchèterie de Durtal, Route de L'Hippodrome, Durtal, Angers, Maine-et-Loire, Pays de la Loire, Metropolitan France, 49430, France",True,True,False,False,False,False,amenity,recycling,manual_review_required,No returned object passed every conservative automatic acceptance check.
La Zarzuela,Spain,"La Zarzuela hipódromo, Spain",0,way:24531561,Hipódromo de la Zarzuela,"Hipódromo de la Zarzuela, Bus-VAO, Ciudad Universitaria, Moncloa-Aravaca, Madrid, Community of Madrid, 28023, Spain",True,True,True,True,False,True,leisure,sports_centre,manual_review_required,"More than one distinct provider object passed the automatic checks, so selection is ambiguous."
La Zarzuela,Spain,"La Zarzuela hipódromo, Spain",1,relation:52312,Pista principal del Hipódromo de la Zarzuela,"Pista principal del Hipódromo de la Zarzuela, Avenida del Padre Huidobro, Ciudad Universitaria, Moncloa-Aravaca, Madrid, Community of Madrid, 28023, Spain",True,True,True,True,False,True,leisure,track,manual_review_required,"More than one distinct provider object passed the automatic checks, so selection is ambiguous."
La Zarzuela,Spain,"La Zarzuela hipodromo, Spain",0,way:24531561,Hipódromo de la Zarzuela,"Hipódromo de la Zarzuela, Avenida del Cardenal Herrera Oria, Fuentelarreina, Fuencarral-El Pardo, Madrid, Community of Madrid, 28035, Spain",True,True,True,True,False,True,leisure,sports_centre,manual_review_required,"More than one distinct provider object passed the automatic checks, so selection is ambiguous."
La Zarzuela,Spain,"La Zarzuela hipodromo, Spain",1,relation:52312,Pista principal del Hipódromo de la Zarzuela,"Pista principal del Hipódromo de la Zarzuela, M-40, Ciudad Universitaria, Moncloa-Aravaca, Fuencarral-El Pardo, Madrid, Community of Madrid, 28035, Spain",True,True,True,True,False,True,leisure,track,manual_review_required,"More than one distinct provider object passed the automatic checks, so selection is ambiguous."
Echuca,Australia,"Echuca racecourse, Australia",0,way:282047162,Echuca Village Racecourse,"Echuca Village Racecourse, Echuca, Victoria, 3564, Australia",True,True,True,False,False,False,leisure,park,manual_review_required,No returned object passed every conservative automatic acceptance check.
Wellington,Australia,"Wellington racecourse, Australia",0,way:303952126,Wellington Showground,"Wellington Showground, New South Wales, Australia",True,True,False,False,False,False,landuse,recreation_ground,manual_review_required,No returned object passed every conservative automatic acceptance check.
Saint-Brieuc,France,"Saint-Brieuc hippodrome, France",0,way:319635086,Rue Saint-Mélaine,"Rue Saint-Mélaine, La Rivière, Lamballe, Lamballe-Armor, Saint-Brieuc, Côtes-d'Armor, Brittany, Metropolitan France, 22400, France",True,False,False,False,False,False,highway,residential,manual_review_required,No returned object passed every conservative automatic acceptance check.
Saint-Brieuc,France,"Saint-Brieuc hippodrome, France",1,way:33690118,Lycée Saint-Joseph,"Lycée Saint-Joseph, 63, Rue Mouexigné, La Rivière, Lamballe, Lamballe-Armor, Saint-Brieuc, Côtes-d'Armor, Brittany, Metropolitan France, 22400, France",True,False,False,False,False,False,amenity,school,manual_review_required,No returned object passed every conservative automatic acceptance check.
Saint-Brieuc,France,"Saint-Brieuc hippodrome, France",2,node:13118690741,Lycée Saint-Joseph,"Lycée Saint-Joseph, Rue Mouexigné, La Rivière, Lamballe, Lamballe-Armor, Saint-Brieuc, Côtes-d'Armor, Brittany, Metropolitan France, 22400, France",True,False,False,False,False,False,highway,bus_stop,manual_review_required,No returned object passed every conservative automatic acceptance check.
Seymour,Australia,"Seymour racecourse, Australia",0,way:57898962,Seymour Racecourse,"Seymour Racecourse, Seymour, Victoria, 3660, Australia",True,True,True,False,False,False,landuse,recreation_ground,manual_review_required,No returned object passed every conservative automatic acceptance check.
Corlay,France,"Corlay hippodrome, France",0,way:325338772,Hippodrome du Petit Paris,"Hippodrome du Petit Paris, Rue de l'Hippodrome, Le Petit Paris, Le Haut-Corlay, Saint-Brieuc, Côtes-d'Armor, Brittany, Metropolitan France, 22320, France",True,False,True,True,False,False,leisure,sports_centre,manual_review_required,No returned object passed every conservative automatic acceptance check.
Finger Lakes,United States,"Finger Lakes racetrack, United States",0,way:1308283652,Finger Lakes Casino & Racetrack,"Finger Lakes Casino & Racetrack, Beaver Creek Road, Hathaway Corners, Town of Farmington, Ontario County, New York, 14425, United States",True,True,True,True,True,False,leisure,sports_centre,manual_review_required,No returned object passed every conservative automatic acceptance check.
Finger Lakes,United States,"Finger Lakes racetrack, United States",1,way:20121815,Finger Lakes Casino & Racetrack,"Finger Lakes Casino & Racetrack, Beaver Creek Road, Hathaway Corners, Town of Farmington, Ontario County, New York, 14425, United States",True,True,True,True,True,False,leisure,track,manual_review_required,No returned object passed every conservative automatic acceptance check.
Finger Lakes,United States,"Finger Lakes racetrack, United States",2,way:86646472,Finger Lakes Casino & Racetrack,"Finger Lakes Casino & Racetrack, 1296, Beaver Creek Road, Hathaway Corners, Town of Farmington, Ontario County, New York, 14425, United States",True,True,True,False,True,False,building,yes,manual_review_required,No returned object passed every conservative automatic acceptance check.
Finger Lakes,United States,"Finger Lakes racetrack, United States",3,node:12115330901,Finger Lakes Casino & Racetrack,"Finger Lakes Casino & Racetrack, State Route 96, Town of Farmington, Ontario County, New York, 14425, United States",True,True,True,False,True,False,amenity,casino,manual_review_required,No returned object passed every conservative automatic acceptance check.
Ballarat,Australia,"Ballarat racecourse, Australia",0,way:139788538,Ballarat Kart Club,"Ballarat Kart Club, Racecourse Road, Haddon, Victoria, 3351, Australia",True,True,False,True,False,False,leisure,sports_centre,manual_review_required,No returned object passed every conservative automatic acceptance check.
Kyneton,Australia,"Kyneton racecourse, Australia",0,node:11442844448,Welcome to the Kyneton Racecourse,"Welcome to the Kyneton Racecourse, Campaspe Place, Kyneton, Victoria, 3444, Australia",True,True,True,False,False,False,information,board,manual_review_required,No returned object passed every conservative automatic acceptance check.
Moe,Australia,"Moe racecourse, Australia",0,node:12730610914,Moe Racecourse,"Moe Racecourse, Saviges Road, Moe, Victoria, 3825, Australia",True,True,True,False,False,False,highway,bus_stop,manual_review_required,No returned object passed every conservative automatic acceptance check.
Moe,Australia,"Moe racecourse, Australia",1,node:12976564600,Moe Racecourse,"Moe Racecourse, Waterloo Road, Moe, Victoria, 3825, Australia",True,True,True,False,False,False,highway,bus_stop,manual_review_required,No returned object passed every conservative automatic acceptance check.
Moe,Australia,"Moe racecourse, Australia",2,way:340224479,Moe Racing Club,"Moe Racing Club, Albert Street, Moe, Victoria, 3825, Australia",True,True,False,True,False,False,leisure,sports_centre,manual_review_required,No returned object passed every conservative automatic acceptance check.
Ghlin,Belgium,"Ghlin hippodrome, Belgium",0,node:3085641513,Ghlin Hippodrome,"Ghlin Hippodrome, Route de Wallonie, Ghlin, Mons, Hainaut, Wallonia, 7011, Belgium",True,True,True,False,False,False,highway,bus_stop,manual_review_required,No returned object passed every conservative automatic acceptance check.
Meslay-Du-Maine,France,"Meslay-Du-Maine hippodrome, France",0,way:320809975,AGRIAL MESLAY DU MAINE,"AGRIAL MESLAY DU MAINE, Rue de l'Hippodrome, Les Friches, Meslay-du-Maine, Château-Gontier, Mayenne, Pays de la Loire, Metropolitan France, 53170, France",True,True,False,False,False,False,building,yes,manual_review_required,No returned object passed every conservative automatic acceptance check.
Meslay-Du-Maine,France,"Meslay-Du-Maine hippodrome, France",1,node:2334445264,Déchèterie de Meslay-du-Maine,"Déchèterie de Meslay-du-Maine, Rue de l'Hippodrome, Les Friches, Meslay-du-Maine, Château-Gontier, Mayenne, Pays de la Loire, Metropolitan France, 53170, France",True,True,False,False,False,False,amenity,recycling,manual_review_required,No returned object passed every conservative automatic acceptance check.
Meslay-Du-Maine,France,"Meslay-Du-Maine hippodrome, France",2,node:12213569020,AGRIAL MESLAY DU MAINE,"AGRIAL MESLAY DU MAINE, Rue de l'Hippodrome, Les Friches, Meslay-du-Maine, Château-Gontier, Mayenne, Pays de la Loire, Metropolitan France, 53170, France",True,True,False,False,False,False,shop,garden_centre,manual_review_required,No returned object passed every conservative automatic acceptance check.
Tours,France,"Tours hippodrome, France",0,relation:19201773,Hippodrome des Genêts,"Hippodrome des Genêts, Allée des Rainettes, Les Tilleuls, La Pièce des Genêts, Chambray-lès-Tours, Tours, Indre-et-Loire, Centre-Val de Loire, Metropolitan France, 37170, France",True,False,True,True,False,False,leisure,sports_centre,manual_review_required,No returned object passed every conservative automatic acceptance check.
Ashburton,New Zealand,"Ashburton racecourse, New Zealand",0,way:36872693,Ashburton Racecourse,"Ashburton Racecourse, Netherby, Ashburton, Ashburton District, Canterbury, New Zealand",True,True,True,False,False,False,leisure,park,manual_review_required,No returned object passed every conservative automatic acceptance check.
Ankara,Turkey,"Ankara hipodromu, Turkey",0,way:316524227,Ankara 75. Yıl Hipodromu,"Ankara 75. Yıl Hipodromu, Fatih Sultan Mehmet Bulvarı, Yeni Batı Mahallesi, Yenimahalle, Ankara, Central Anatolia Region, 06370, Turkey",True,True,False,True,False,False,leisure,sports_centre,manual_review_required,No returned object passed every conservative automatic acceptance check.
Armidale,Australia,"Armidale racecourse, Australia",0,way:22177919,Armidale Racecourse,"Armidale Racecourse, Armidale, New South Wales, 2350, Australia",True,True,True,False,False,False,landuse,recreation_ground,manual_review_required,No returned object passed every conservative automatic acceptance check.
Gundagai,Australia,"Gundagai racecourse, Australia",0,way:229236227,Gundagai Racecourse,"Gundagai Racecourse, Gundagai, New South Wales, 2722, Australia",True,True,True,False,False,False,leisure,park,manual_review_required,No returned object passed every conservative automatic acceptance check.
Wangaratta,Australia,"Wangaratta racecourse, Australia",0,way:301180872,Wangaratta Race Course,"Wangaratta Race Course, Racecourse Road, Wangaratta, Victoria, 3677, Australia",True,True,False,True,False,False,leisure,sports_centre,manual_review_required,No returned object passed every conservative automatic acceptance check.
Fort Erie,Canada,"Fort Erie racetrack, Canada",0,node:9898611015,Bertie Street / Fort Erie Racetrack,"Bertie Street / Fort Erie Racetrack, Bertie Street, Fort Erie, Niagara Region, Golden Horseshoe, Ontario, L2A 1N4, Canada",True,True,True,False,False,False,highway,bus_stop,manual_review_required,No returned object passed every conservative automatic acceptance check.
Evreux,France,"Evreux hippodrome, France",0,way:740974655,Hippodrome de Navarre,"Hippodrome de Navarre, Avenue Aristide Briand, Saint-Michel, Évreux, Eure, Normandy, Metropolitan France, 27000, France",True,False,True,True,False,False,leisure,sports_centre,manual_review_required,No returned object passed every conservative automatic acceptance check.
Lisieux,France,"Lisieux hippodrome, France",0,node:9988312989,France Services,"France Services, Rue de l'Hippodrome, Zone d'activités de la Croix Brisée, Pont-l'Évêque, Lisieux, Calvados, Normandy, Metropolitan France, 14130, France",True,False,False,False,False,False,office,government,manual_review_required,No returned object passed every conservative automatic acceptance check.
Nimes,France,"Nimes hippodrome, France",0,way:45376156,Hippodrome des Courbiers,"Hippodrome des Courbiers, Chemin de l'Hippodrome, Mas de Chambaud, Nîmes, Gard, Occitania, Metropolitan France, 30034, France",True,False,True,True,False,False,leisure,sports_centre,manual_review_required,No returned object passed every conservative automatic acceptance check.
Vire,France,"Vire hippodrome, France",0,way:740956091,Hippodrome Robert-Auvray,"Hippodrome Robert-Auvray, Sentier des Jasmins, La Florie, Vire, Vire Normandie, Vire, Calvados, Normandy, Metropolitan France, 14500, France",True,False,True,True,False,False,leisure,sports_centre,manual_review_required,No returned object passed every conservative automatic acceptance check.
Bad Doberan,Germany,"Bad Doberan rennbahn, Germany",0,node:6831683085,"Bad Doberan, Rennbahn","Bad Doberan, Rennbahn, L 12, Kammerhof, Heiligendamm, Bad Doberan, Landkreis Rostock, Mecklenburg-Vorpommern, 18209, Germany",True,True,False,False,False,False,highway,bus_stop,manual_review_required,No returned object passed every conservative automatic acceptance check.
Frankfurt,Germany,"Frankfurt rennbahn, Germany",0,way:873231204,Diaoyutai Mansion Frankfurt,"Diaoyutai Mansion Frankfurt, 5, Rennbahnstraße, Sachsenhausen Süd, Sachsenhausen, Süd, Frankfurt, Hesse, 60528, Germany",True,True,False,False,False,False,building,yes,manual_review_required,No returned object passed every conservative automatic acceptance check.
Frankfurt,Germany,"Frankfurt rennbahn, Germany",1,node:9310423014,"HW BAUFI Finanzgruppe, Büro Frankfurt am Main","HW BAUFI Finanzgruppe, Büro Frankfurt am Main, 72-74, Rennbahnstraße, Niederrad, Süd, Frankfurt, Hesse, 60528, Germany",True,True,False,False,False,False,office,financial,manual_review_required,No returned object passed every conservative automatic acceptance check.
Varese,Italy,"Varese ippodromo, Italy",0,way:264279846,Via Galdino da Varese,"Via Galdino da Varese, Ippodromo, Biumo Superiore, Varese, Lombardy, 21200, Italy",True,True,False,False,False,False,highway,residential,manual_review_required,No returned object passed every conservative automatic acceptance check.
Varese,Italy,"Varese ippodromo, Italy",1,way:273479632,Via Galdino da Varese,"Via Galdino da Varese, Ippodromo, Sangallo, Varese, Lombardy, 21200, Italy",True,True,False,False,False,False,highway,living_street,manual_review_required,No returned object passed every conservative automatic acceptance check.
Varese,Italy,"Varese ippodromo, Italy",2,way:273479633,Via Galdino da Varese,"Via Galdino da Varese, Ippodromo, Biumo Superiore, Varese, Lombardy, 21056, Italy",True,True,False,False,False,False,highway,residential,manual_review_required,No returned object passed every conservative automatic acceptance check.
Wingatui,New Zealand,"Wingatui racecourse, New Zealand",0,node:4814425823,Wingatui Racecourse Mosgiel,"Wingatui Racecourse Mosgiel, Gladstone Road North, Wingatui, Mosgiel, Dunedin City, Otago, 9018, New Zealand",True,True,True,False,False,False,tourism,camp_site,manual_review_required,No returned object passed every conservative automatic acceptance check.
Sluzewiec,Poland,"Sluzewiec tor wyścigów konnych, Poland",0,way:5215699,Tor Wyścigów Konnych Służewiec,"Tor Wyścigów Konnych Służewiec, Pieskowa Skała, Zielony Ursynów, Wyczółki, Ursynów, Warsaw, Masovian Voivodeship, 02-699, Poland",True,False,False,True,False,False,leisure,sports_centre,manual_review_required,No returned object passed every conservative automatic acceptance check.
Meadowlands,United States,"Meadowlands racetrack, United States",0,way:1501238980,Meadowlands Racing & Entertainment,"Meadowlands Racing & Entertainment, 1, Racetrack Drive, East Rutherford, Bergen County, New Jersey, 07073, United States",True,True,False,True,False,False,leisure,sports_centre,manual_review_required,No returned object passed every conservative automatic acceptance check.
