resolution_id,verification_id,scope,source_rowid,source_date,source_course,source_off,source_horse,source_position,source_field,resolution_kind,governed_text_value,governed_integer_value,governed_real_value,governed_numerator,governed_denominator,governed_marker,governed_currency,governed_unit,analytical_action,notes
V3-RES-0001,NB05-POS-0001,runner,55516,2015-05-16,Morphettville (AUS),4:38,Cinnamon Carter (AUS),10,pos,correction,dead_heat_for_12th,12,,,,,,placing,replace,Raw pos 10 is preserved; governed finish position is 12 with dead-heat context.
V3-RES-0002,NB06-DIST-0001,race,,2015-01-25,Sha Tin (HK),8:35,,,dist,enrichment,,,1600,,,,,metres,enrich_official_value,Official scheduled distance is distinct from the raw 1m source representation.
V3-RES-0003,NB06-DIST-0002,race,,2015-01-04,Kyoto (JPN),6:45,,,dist,enrichment,,,1600,,,,,metres,enrich_official_value,Official scheduled distance is distinct from the raw 1m source representation.
V3-RES-0004,NB08-SP-0004,runner,1708860,2025-07-20,Del Mar (USA),1:03,Almendares (GB),9,sp,correction,5/2 favourite,,,,5,2,favourite,,fractional_odds,replace,The bare raw F remains evidence; analytical starting price becomes 5/2 favourite.
V3-RES-0005,NB14-RAN-0002,race,,2024-06-26,Ohi (JPN),11:07,,,ran,correction,,13,,,,,,,runner_count,replace,External published result establishes 13 runners rather than raw ran 5.
V3-RES-0006,NB14-RAN-0003,race,,2024-09-03,Morioka (JPN),11:07,,,ran,correction,,12,,,,,,,runner_count,replace,External published result establishes 12 runners rather than raw ran 5.
V3-RES-0007,NB15-BTN-0001,race,,2023-12-23,Gulfstream Park (USA),9:36,,,ran,correction,,9,,,,,,,runner_count,replace,External result establishes 9 runners; Great Navigator is already supplemented separately.
V3-RES-0008,NB15-BTN-0004,runner,,2025-04-06,Gavea (BRZ),7:35,Gevrey-Chambertain,2,ovr_btn,correction,,,16.5,,,,,lengths,replace,Published winning margin establishes second-place overall distance 16.5 lengths.
V3-RES-0009,NB15-BTN-0004,runner,,2025-04-06,Gavea (BRZ),7:35,Gevrey-Chambertain,2,btn,correction,,,16.5,,,,,lengths,replace,For second place the incremental distance behind the winner is also 16.5 lengths.
V3-RES-0010,NB15-BTN-0007,runner,,2017-04-11,Saint-Cloud (FR),12:47,Nardo (FR),3,ovr_btn,invalidation,,,,,,,,lengths,null_known_wrong,Raw zero is externally contradicted; no defensible overall numeric replacement is recorded.
V3-RES-0011,NB15-BTN-0007,runner,,2017-04-11,Saint-Cloud (FR),12:47,Nardo (FR),3,btn,correction,head,,,,,,,,beaten_distance_text,replace_text_null_numeric,External evidence establishes a head behind second; no numeric head conversion is invented.
V3-RES-0012,NB15-BTN-0010,runner,,2020-04-09,Gulfstream Park (USA),6:30,Red Fog (USA),2,ovr_btn,invalidation,,,,,,,,lengths,null_known_wrong,Raw zero is externally contradicted and no exact replacement margin is retained.
V3-RES-0013,NB15-BTN-0010,runner,,2020-04-09,Gulfstream Park (USA),6:30,Red Fog (USA),2,btn,invalidation,,,,,,,,lengths,null_known_wrong,Raw zero is externally contradicted and no exact replacement margin is retained.
V3-RES-0014,NB15-BTN-0013,runner,,2023-08-31,Longchamp (FR),12:48,Cabernet Franc (FR),2,ovr_btn,invalidation,,,,,,,,lengths,null_known_wrong,Raw zero is externally contradicted and no exact replacement margin is retained.
V3-RES-0015,NB15-BTN-0013,runner,,2023-08-31,Longchamp (FR),12:48,Cabernet Franc (FR),2,btn,invalidation,,,,,,,,lengths,null_known_wrong,Raw zero is externally contradicted and no exact replacement margin is retained.
V3-RES-0016,NB16-AGE-0001,race,,2017-05-16,Compiegne (FR),1:35,,,age_band,correction,5yo+,,,,,,,,eligibility,replace,External result establishes an open-ended 5yo+ condition rather than exact 5yo.
V3-RES-0017,NB16-AGE-0002,runner,,2024-07-27,Woodbine (CAN),9:47,Ecstasy (USA),,age,correction,,3,,,,,,,years,replace,External result establishes age 3 rather than raw age 31.
V3-RES-0018,NB11-TIME-0008,race,,2025-10-11,Keeneland (USA),10:16,,,actual_off_time,enrichment,22:17,,,,,,,,UK_time,enrich,Approximate externally reported actual off; advertised source/canonical time remains 22:16.
V3-RES-0019,NB11-TIME-0009,race,,2024-06-30,Curragh (IRE),1:10,,,actual_off_time,enrichment,13:10:07,,,,,,,,UK_time,enrich,Approximate externally reported actual off; advertised source/canonical time remains 13:10.
V3-RES-0020,NB11-TIME-0010,race,,2024-07-13,Newmarket (July),1:40,,,actual_off_time,enrichment,13:41,,,,,,,,UK_time,enrich,Approximate externally reported actual off; advertised source/canonical time remains 13:40.
V3-RES-0021,NB13-PRIZE-0001,runner,,2018-01-27,Gulfstream Park (USA),10:35,,1,prize,enrichment,,,7000000,,,,USD,currency_units,enrich_official_local_prize,Externally recorded Pegasus placing award; preserve source-presented prize separately.
V3-RES-0022,NB13-PRIZE-0001,runner,,2018-01-27,Gulfstream Park (USA),10:35,,2,prize,enrichment,,,1600000,,,,USD,currency_units,enrich_official_local_prize,Externally recorded Pegasus placing award; preserve source-presented prize separately.
V3-RES-0023,NB13-PRIZE-0001,runner,,2018-01-27,Gulfstream Park (USA),10:35,,3,prize,enrichment,,,1300000,,,,USD,currency_units,enrich_official_local_prize,Externally recorded Pegasus placing award; preserve source-presented prize separately.
V3-RES-0024,NB13-PRIZE-0001,runner,,2018-01-27,Gulfstream Park (USA),10:35,,4,prize,enrichment,,,1000000,,,,USD,currency_units,enrich_official_local_prize,Externally recorded Pegasus placing award; preserve source-presented prize separately.
V3-RES-0025,NB13-PRIZE-0001,runner,,2018-01-27,Gulfstream Park (USA),10:35,,5,prize,enrichment,,,850000,,,,USD,currency_units,enrich_official_local_prize,Externally recorded Pegasus placing award; preserve source-presented prize separately.
V3-RES-0026,NB13-PRIZE-0001,runner,,2018-01-27,Gulfstream Park (USA),10:35,,6,prize,enrichment,,,650000,,,,USD,currency_units,enrich_official_local_prize,Externally recorded Pegasus placing award; preserve source-presented prize separately.
V3-RES-0027,NB13-PRIZE-0001,runner,,2018-01-27,Gulfstream Park (USA),10:35,,7,prize,enrichment,,,650000,,,,USD,currency_units,enrich_official_local_prize,Externally recorded Pegasus placing award; preserve source-presented prize separately.
V3-RES-0028,NB13-PRIZE-0001,runner,,2018-01-27,Gulfstream Park (USA),10:35,,8,prize,enrichment,,,650000,,,,USD,currency_units,enrich_official_local_prize,Externally recorded Pegasus placing award; preserve source-presented prize separately.
V3-RES-0029,NB13-PRIZE-0001,runner,,2018-01-27,Gulfstream Park (USA),10:35,,9,prize,enrichment,,,650000,,,,USD,currency_units,enrich_official_local_prize,Externally recorded Pegasus placing award; preserve source-presented prize separately.
V3-RES-0030,NB13-PRIZE-0001,runner,,2018-01-27,Gulfstream Park (USA),10:35,,10,prize,enrichment,,,650000,,,,USD,currency_units,enrich_official_local_prize,Externally recorded Pegasus placing award; preserve source-presented prize separately.
V3-RES-0031,NB13-PRIZE-0001,runner,,2018-01-27,Gulfstream Park (USA),10:35,,11,prize,enrichment,,,650000,,,,USD,currency_units,enrich_official_local_prize,Externally recorded Pegasus placing award; preserve source-presented prize separately.
V3-RES-0032,NB13-PRIZE-0001,runner,,2018-01-27,Gulfstream Park (USA),10:35,,12,prize,enrichment,,,650000,,,,USD,currency_units,enrich_official_local_prize,Externally recorded Pegasus placing award; preserve source-presented prize separately.
V3-RES-0033,NB13-PRIZE-0002,runner,,2019-10-06,Longchamp (FR),3:05,,1,prize,enrichment,,,2857000,,,,EUR,currency_units,enrich_official_local_prize,Notebook 13 medium-confidence Arc placing schedule; preserve source-presented prize separately.
V3-RES-0034,NB13-PRIZE-0002,runner,,2019-10-06,Longchamp (FR),3:05,,2,prize,enrichment,,,1143000,,,,EUR,currency_units,enrich_official_local_prize,Notebook 13 medium-confidence Arc placing schedule; preserve source-presented prize separately.
V3-RES-0035,NB13-PRIZE-0002,runner,,2019-10-06,Longchamp (FR),3:05,,3,prize,enrichment,,,571500,,,,EUR,currency_units,enrich_official_local_prize,Notebook 13 medium-confidence Arc placing schedule; preserve source-presented prize separately.
V3-RES-0036,NB13-PRIZE-0002,runner,,2019-10-06,Longchamp (FR),3:05,,4,prize,enrichment,,,285500,,,,EUR,currency_units,enrich_official_local_prize,Notebook 13 medium-confidence Arc placing schedule; preserve source-presented prize separately.
V3-RES-0037,NB13-PRIZE-0002,runner,,2019-10-06,Longchamp (FR),3:05,,5,prize,enrichment,,,143000,,,,EUR,currency_units,enrich_official_local_prize,Notebook 13 medium-confidence Arc placing schedule; preserve source-presented prize separately.
