verification_sample_id,raw_date,candidate_course_label,local_off_time,race_type_raw,race_name_raw,verified_race_type,race_type_agrees,verification_status,primary_evidence_url,secondary_audit_url,evidence_note
GBRT-001,2015-02-07,Newbury,14:25,Chase,Betfair Denman Chase,Chase,True,verified_external,https://www.racingpost.com/results/36/newbury/2015-02-07/617407,https://www.racingpost.com/results/2015-02-07,Published result identifies the sampled event as a Chase.
GBRT-002,2015-02-19,Sedgefield,16:45,Chase,Wills Property Services Handicap Chase,Chase,True,verified_external,https://www.horseracing.net/results/sedgefield/19-02-15,https://www.racingpost.com/results/2015-02-19,Published result identifies the sampled event as a Chase.
GBRT-003,2015-03-13,Cheltenham,15:20,Chase,Betfred Cheltenham Gold Cup Chase Grade 1,Chase,True,verified_external,https://www.racingpost.com/results/11/cheltenham/2015-03-13/598093,https://www.racingpost.com/results/2015-03-13,Published result identifies the sampled event as a Chase.
GBRT-004,2015-05-14,Fontwell,18:15,Chase,starsportsbet.co.uk Ladies Open Hunters Chase (for the Stuart Adamson Memorial Trophy),Chase,True,verified_external,https://www.horseracing.net/results/fontwell/14-05-15,https://www.racingpost.com/results/2015-05-14,Published result identifies the sampled event as a Chase.
GBRT-005,2015-10-05,Market Rasen,15:50,Chase,32Red.com Handicap Chase,Chase,True,verified_external,https://www.horseracing.net/results/market-rasen/05-10-15,https://www.racingpost.com/results/2015-10-05,Published result identifies the sampled event as a Chase.
GBRT-006,2015-10-22,Ludlow,16:45,Chase,Amateur Jockeys Association Amateur Riders Handicap Chase (for the Court of Hill Challenge Cup),Chase,True,verified_external,https://www.horseracing.net/results/ludlow/22-10-15,https://www.racingpost.com/results/2015-10-22,Published result identifies the sampled event as a Chase.
GBRT-007,2015-12-05,Chepstow,13:25,Chase,Angela Nettlefold Memorial In Aid of SSAFA Novices Limited Handicap Chase,Chase,True,verified_external,https://www.horseracing.net/results/chepstow/05-12-15,https://www.racingpost.com/results/2015-12-05,Published result identifies the sampled event as a Chase.
GBRT-008,2016-04-02,Uttoxeter,16:55,Chase,Betfred Racings Biggest Supporter Handicap Chase,Chase,True,verified_external,https://www.horseracing.net/results/uttoxeter/02-04-16,https://www.racingpost.com/results/2016-04-02,Published result identifies the sampled event as a Chase.
GBRT-009,2016-04-04,Wincanton,16:40,Chase,ApolloBet Fair Play Money Back Open Hunters Chase (for The John Dufosee Memorial Trophy),Chase,True,verified_external,https://www.horseracing.net/results/wincanton/04-04-16,https://www.racingpost.com/results/2016-04-04,Published result identifies the sampled event as a Chase.
GBRT-010,2016-12-13,Catterick,13:20,Chase,Come Racing New Years Day Beginners Chase,Chase,True,verified_external,https://www.horseracing.net/results/catterick/13-12-16,https://www.racingpost.com/results/2016-12-13,Published result identifies the sampled event as a Chase.
GBRT-011,2017-03-16,Towcester,15:55,Chase,Home Of The Greyhound Derby July 1st Beginners Chase,Chase,True,verified_external,https://www.horseracing.net/results/towcester/16-03-17,https://www.racingpost.com/results/2017-03-16,Published result identifies the sampled event as a Chase.
GBRT-012,2017-04-23,Stratford,14:00,Chase,toteplacepot Six Places In Six Races Handicap Chase,Chase,True,verified_external,https://www.horseracing.net/results/stratford/23-04-17,https://www.racingpost.com/results/2017-04-23,Published result identifies the sampled event as a Chase.
GBRT-013,2017-05-18,Perth,16:45,Chase,totepool Happy Perth Ladies Day Handicap Chase (Qual for Northern Lights Middle Distance Series),Chase,True,verified_external,https://www.horseracing.net/results/perth/18-05-17,https://www.racingpost.com/results/2017-05-18,Published result identifies the sampled event as a Chase.
GBRT-014,2018-02-03,Musselburgh,13:30,Chase,bet365 Scottish Future Champions Novices Chase,Chase,True,verified_external,https://www.horseracing.net/results/musselburgh/03-02-18,https://www.racingpost.com/results/2018-02-03,Published result identifies the sampled event as a Chase.
GBRT-015,2018-02-05,Southwell,14:30,Chase,Free Betting Offers At freebetting.co.uk Handicap Chase,Chase,True,verified_external,https://www.horseracing.net/results/southwell/05-02-18,https://www.racingpost.com/results/2018-02-05,Published result identifies the sampled event as a Chase.
GBRT-016,2018-09-06,Sedgefield,15:00,Chase,Terry Davison 50 Today Novices Handicap Chase (Sedgefield Young Chaser Series Qualifier),Chase,True,verified_external,https://www.horseracing.net/results/sedgefield/06-09-18,https://www.racingpost.com/results/2018-09-06,Published result identifies the sampled event as a Chase.
GBRT-017,2019-01-14,Ffos Las,14:35,Chase,Prince Fluffy Kareem Novices Chase,Chase,True,verified_external,https://www.horseracing.net/results/ffos-las/14-01-19,https://www.racingpost.com/results/2019-01-14,Published result identifies the sampled event as a Chase.
GBRT-018,2019-03-16,Uttoxeter,16:45,Chase,H Brown & Son Recycling Handicap Chase,Chase,True,verified_external,https://www.horseracing.net/results/uttoxeter/16-03-19,https://www.racingpost.com/results/2019-03-16,Published result identifies the sampled event as a Chase.
GBRT-019,2019-09-24,Warwick,15:50,Chase,Weatherbys Racing Bank Handicap Chase,Chase,True,verified_external,https://www.horseracing.net/results/warwick/24-09-19,https://www.racingpost.com/results/2019-09-24,Published result identifies the sampled event as a Chase.
GBRT-020,2019-11-04,Plumpton,14:10,Chase,Revived Inns Novices Handicap Chase,Chase,True,verified_external,https://www.horseracing.net/results/plumpton/04-11-19,https://www.racingpost.com/results/2019-11-04,Published result identifies the sampled event as a Chase.
GBRT-021,2019-12-15,Carlisle,12:20,Chase,Watch Racing TV Now Novices Handicap Chase,Chase,True,verified_external,https://www.horseracing.net/results/carlisle/15-12-19,https://www.racingpost.com/results/2019-12-15,Published result identifies the sampled event as a Chase.
GBRT-022,2020-02-13,Leicester,16:00,Chase,Thurnby Novices Handicap Chase,Chase,True,verified_external,https://www.horseracing.net/results/leicester/13-02-20,https://www.racingpost.com/results/2020-02-13,Published result identifies the sampled event as a Chase.
GBRT-023,2020-10-18,Kempton,13:45,Chase,Racing TV Novices Handicap Chase (GBB Race),Chase,True,verified_external,https://www.horseracing.net/results/kempton/18-10-20,https://www.racingpost.com/results/2020-10-18,Published result identifies the sampled event as a Chase.
GBRT-024,2021-02-17,Wetherby,15:12,Chase,Racing TV HD On Sky 426 Handicap Chase (Northern Lights Staying Chase Series Qualifier ),Chase,True,verified_external,https://www.horseracing.net/results/wetherby/17-02-21,https://www.racingpost.com/results/2021-02-17,Published result identifies the sampled event as a Chase.
GBRT-025,2021-02-22,Carlisle,14:40,Chase,MansionBets Bet 10 Get 20 Handicap Chase (Challenger Staying Chase Series Qualifier),Chase,True,verified_external,https://www.horseracing.net/results/carlisle/22-02-21,https://www.racingpost.com/results/2021-02-22,Published result identifies the sampled event as a Chase.
GBRT-026,2021-12-20,Lingfield,14:30,Chase,Casumo Proud To Support British Racing Novices Handicap Chase (GBB Race),Chase,True,verified_external,https://www.horseracing.net/results/lingfield/20-12-21,https://www.racingpost.com/results/2021-12-20,Published result identifies the sampled event as a Chase.
GBRT-027,2021-12-20,Musselburgh,13:15,Chase,Watch On Racing TV Novices Handicap Chase (GBB Race),Chase,True,verified_external,https://www.horseracing.net/results/musselburgh/20-12-21,https://www.racingpost.com/results/2021-12-20,Published result identifies the sampled event as a Chase.
GBRT-028,2022-01-26,Catterick,14:10,Chase,Free Month Of RacingTV Novices Limited Handicap Chase (GBB Race),Chase,True,verified_external,https://www.horseracing.net/results/catterick/26-01-22,https://www.racingpost.com/results/2022-01-26,Published result identifies the sampled event as a Chase.
GBRT-029,2022-02-01,Newcastle,15:00,Chase,QuinnBet Quarterback Handicap Chase (Go North One Man Series Qualifier),Chase,True,verified_external,https://www.horseracing.net/results/newcastle/01-02-22,https://www.racingpost.com/results/2022-02-01,Published result identifies the sampled event as a Chase.
GBRT-030,2022-03-08,Sandown,15:30,Chase,Grand Military Gold Cup (A Chase For Military Amateur Jockeys),Chase,True,verified_external,https://www.horseracing.net/results/sandown/08-03-22,https://www.racingpost.com/results/2022-03-08,Published result identifies the sampled event as a Chase.
GBRT-031,2022-03-15,Sedgefield,15:10,Chase,Extra Places At Cheltenham With vickers.bet Novices Handicap Chase,Chase,True,verified_external,https://www.horseracing.net/results/sedgefield/15-03-22,https://www.racingpost.com/results/2022-03-15,Published result identifies the sampled event as a Chase.
GBRT-032,2022-03-31,Warwick,16:25,Chase,Air Wedding Open Hunters Chase,Chase,True,verified_external,https://www.horseracing.net/results/warwick/31-03-22,https://www.racingpost.com/results/2022-03-31,Published result identifies the sampled event as a Chase.
GBRT-033,2022-04-08,Sedgefield,16:00,Chase,bet365 Novices Handicap Chase,Chase,True,verified_external,https://www.horseracing.net/results/sedgefield/08-04-22,https://www.racingpost.com/results/2022-04-08,Published result identifies the sampled event as a Chase.
GBRT-034,2022-11-03,Newbury,15:42,Chase,Watch Last Fan Standing Handicap Chase,Chase,True,verified_external,https://www.horseracing.net/results/newbury/03-11-22,https://www.racingpost.com/results/2022-11-03,Published result identifies the sampled event as a Chase.
GBRT-035,2023-02-12,Exeter,15:00,Chase,Virgin Bet Best Odds Daily Mares Chase () (GBB Race),Chase,True,verified_external,https://www.horseracing.net/results/exeter/12-02-23,https://www.racingpost.com/results/2023-02-12,Published result identifies the sampled event as a Chase.
GBRT-036,2023-02-21,Market Rasen,16:15,Chase,Price Boosts On Football At Rhino.bet Novices Handicap Chase,Chase,True,verified_external,https://www.horseracing.net/results/market-rasen/21-02-23,https://www.racingpost.com/results/2023-02-21,Published result identifies the sampled event as a Chase.
GBRT-037,2023-03-14,Sedgefield,15:50,Chase,In Memory Of Ian Vickers Handicap Chase (Go North Red Rum Series Qualifier),Chase,True,verified_external,https://www.horseracing.net/results/sedgefield/14-03-23,https://www.racingpost.com/results/2023-03-14,Published result identifies the sampled event as a Chase.
GBRT-038,2023-03-20,Southwell,14:35,Chase,Follow Us On Twitter @BetRhino Handicap Chase,Chase,True,verified_external,https://www.horseracing.net/results/southwell/20-03-23,https://www.racingpost.com/results/2023-03-20,Published result identifies the sampled event as a Chase.
GBRT-039,2023-05-28,Kelso,16:40,Chase,J.A. Wilson Contractors Novices Handicap Chase,Chase,True,verified_external,https://www.horseracing.net/results/kelso/28-05-23,https://www.racingpost.com/results/2023-05-28,Published result identifies the sampled event as a Chase.
GBRT-040,2024-03-27,Hereford,15:10,Chase,Horse Racing On Another Planet Podcast Handicap Chase,Chase,True,verified_external,https://www.horseracing.net/results/hereford/27-03-24,https://www.racingpost.com/results/2024-03-27,Published result identifies the sampled event as a Chase.
GBRT-041,2024-11-12,Lingfield,15:20,Chase,Howard Pearl 80th Classic Novices Handicap Chase,Chase,True,verified_external,https://www.racingpost.com/results/31/lingfield/2024-11-12/879007,https://www.racingpost.com/results/2024-11-12,Published result identifies the sampled event as a Chase.
GBRT-042,2024-11-23,Huntingdon,13:58,Chase,Discover Whats Trending At Rhino.Bet Casino Mares Handicap Chase (Challenger Mares Chase Qualifer),Chase,True,verified_external,https://www.horseracing.net/results/huntingdon/23-11-24,https://www.racingpost.com/results/2024-11-23,Published result identifies the sampled event as a Chase.
GBRT-043,2025-03-24,Wincanton,16:30,Chase,Cheese & Cider Night 16th April Handicap Chase (GBB Race),Chase,True,verified_external,https://www.horseracing.net/results/wincanton/24-03-25,https://www.racingpost.com/results/2025-03-24,Published result identifies the sampled event as a Chase.
GBRT-044,2025-04-11,Huntingdon,18:38,Chase,Buy General Admission In Advance Novices Handicap Chase,Chase,True,verified_external,https://www.horseracing.net/results/huntingdon/11-04-25,https://www.racingpost.com/results/2025-04-11,Published result identifies the sampled event as a Chase.
GBRT-045,2025-05-02,Cheltenham,UNRESOLVED,Chase,Royal Gloucestershire Hussars Open Hunters Chase,Chase,True,verified_external,https://www.horseracing.net/results/cheltenham/02-05-25,https://www.racingpost.com/results/2025-05-02,Published result identifies the sampled event as a Chase.
GBRT-046,2025-05-28,Newton Abbot,15:48,Chase,Investment Manager Handicap Chase (GBB Race),Chase,True,verified_external,https://www.horseracing.net/results/newton-abbot/28-05-25,https://www.racingpost.com/results/2025-05-28,Published result identifies the sampled event as a Chase.
GBRT-047,2025-07-21,Cartmel,15:45,Chase,Weatherbys Hamilton Novices Limited Handicap Chase (GBB Race),Chase,True,verified_external,https://www.horseracing.net/results/cartmel/21-07-25,https://www.racingpost.com/results/2025-07-21,Published result identifies the sampled event as a Chase.
GBRT-048,2025-12-26,Aintree,14:15,Chase,William Hill Each Way Extra Handicap Chase (Challenger Staying Chase Series Qualifier) (GBB Race),Chase,True,verified_external,https://www.horseracing.net/results/aintree/26-12-25,https://www.racingpost.com/results/2025-12-26,Published result identifies the sampled event as a Chase.
GBRT-049,2026-02-15,Musselburgh,16:20,Chase,Famous Five Handicap Chase (Go North Red Rum Series Qualifier) (GBB Race),Chase,True,verified_external,https://www.horseracing.net/results/musselburgh/15-02-26,https://www.racingpost.com/results/2026-02-15,Published result identifies the sampled event as a Chase.
GBRT-050,2026-02-16,Carlisle,13:35,Chase,Racing TV Handicap Chase (GBB Race),Chase,True,verified_external,https://www.horseracing.net/results/carlisle/16-02-26,https://www.racingpost.com/results/2026-02-16,Published result identifies the sampled event as a Chase.
GBRT-051,2015-04-01,Chelmsford (AW),16:30,Flat,Ladies Day 18th June Fillies Handicap,Flat,True,verified_external,https://www.horseracing.net/results/chelmsford/01-04-15,https://www.racingpost.com/results/2015-04-01,Published result identifies the sampled event as Flat/AW Flat racing.
GBRT-052,2015-06-05,Epsom,15:10,Flat,Investec Diomed Stakes,Flat,True,verified_external,https://www.horseracing.net/results/epsom/05-06-15,https://www.racingpost.com/results/2015-06-05,Published result identifies the sampled event as Flat/AW Flat racing.
GBRT-053,2015-08-10,Wolverhampton (AW),14:15,Flat,Slade After Racing Saturday 5th September Median Auction Maiden Stakes (Tapeta),Flat,True,verified_external,https://www.horseracing.net/results/wolverhampton/10-08-15,https://www.racingpost.com/results/2015-08-10,Published result identifies the sampled event as Flat/AW Flat racing.
GBRT-054,2016-05-11,York,14:40,Flat,Infinity Tyres Stakes (Handicap),Flat,True,verified_external,https://www.yorkracecourse.co.uk/raceday-details.html?id=131&meet=66,https://www.racingpost.com/results/2016-05-11,Published result identifies the sampled event as Flat/AW Flat racing.
GBRT-055,2016-06-12,Salisbury,14:15,Flat,Blind And Track Service Handicap,Flat,True,verified_external,https://www.horseracing.net/results/salisbury/12-06-16,https://www.racingpost.com/results/2016-06-12,Published result identifies the sampled event as Flat/AW Flat racing.
GBRT-056,2016-08-19,Sandown,14:20,Flat,Abu Dhabi Sports Council Nursery Handicap,Flat,True,verified_external,https://www.horseracing.net/results/sandown/19-08-16,https://www.racingpost.com/results/2016-08-19,Published result identifies the sampled event as Flat/AW Flat racing.
GBRT-057,2016-08-29,Epsom,15:15,Flat,Indigenous Handicap,Flat,True,verified_external,https://www.horseracing.net/results/epsom/29-08-16,https://www.racingpost.com/results/2016-08-29,Published result identifies the sampled event as Flat/AW Flat racing.
GBRT-058,2017-04-15,Brighton,UNRESOLVED,Flat,Winner Rental Services Maiden Stakes,Flat,True,verified_external,https://www.horseracing.net/results/brighton/15-04-17,https://www.racingpost.com/results/2017-04-15,Published result identifies the sampled event as Flat/AW Flat racing.
GBRT-059,2017-04-25,Wolverhampton (AW),18:00,Flat,Invest Wolverhampton For Life Work & Learning Handicap (For Gentleman Amateur Riders),Flat,True,verified_external,https://www.horseracing.net/results/wolverhampton/25-04-17,https://www.racingpost.com/results/2017-04-25,Published result identifies the sampled event as Flat/AW Flat racing.
GBRT-060,2017-05-19,Newcastle (AW),19:20,Flat,Rutherford Wilkinson Fillies Handicap,Flat,True,verified_external,https://www.horseracing.net/results/newcastle/19-05-17,https://www.racingpost.com/results/2017-05-19,Published result identifies the sampled event as Flat/AW Flat racing.
GBRT-061,2017-07-18,Bath,16:30,Flat,Dribuild Supports Together For Short Lives Handicap,Flat,True,verified_external,https://www.horseracing.net/results/bath/18-07-17,https://www.racingpost.com/results/2017-07-18,Published result identifies the sampled event as Flat/AW Flat racing.
GBRT-062,2017-07-21,Hamilton,UNRESOLVED,Flat,John Smiths Scottish Stewards Cup Handicap,Flat,True,verified_external,https://thehorsesmouth.co.uk/races/7151-john-smiths-scottish-stewards-cup-handicap,https://www.racingpost.com/results/2017-07-21,Published result identifies the sampled event as Flat/AW Flat racing.
GBRT-063,2017-08-19,Doncaster,13:25,Flat,Sun Bets Download The App Handicap (Div I),Flat,True,verified_external,https://www.horseracing.net/results/doncaster/19-08-17,https://www.racingpost.com/results/2017-08-19,Published result identifies the sampled event as Flat/AW Flat racing.
GBRT-064,2017-08-28,Southwell (AW),16:15,Flat,Nottingham Forest News On nottinghampost.com Handicap,Flat,True,verified_external,https://www.horseracing.net/results/southwell/28-08-17,https://www.racingpost.com/results/2017-08-28,Published result identifies the sampled event as Flat/AW Flat racing.
GBRT-065,2017-09-05,Kempton (AW),20:20,Flat,100% Profit Boost At 32Redsport.com Handicap,Flat,True,verified_external,https://www.horseracing.net/results/kempton/05-09-17,https://www.racingpost.com/results/2017-09-05,Published result identifies the sampled event as Flat/AW Flat racing.
GBRT-066,2017-12-06,Lingfield (AW),12:40,Flat,32Redpoker.com Nursery Handicap,Flat,True,verified_external,https://www.racingpost.com/racecards/2017-12-06/,https://www.racingpost.com/results/2017-12-06,Published result identifies the sampled event as Flat/AW Flat racing.
GBRT-067,2018-04-18,Kempton (AW),17:45,Flat,100% Profit Boost At 32Redsport.com Novice Auction Stakes,Flat,True,verified_external,https://www.horseracing.net/results/kempton/18-04-18,https://www.racingpost.com/results/2018-04-18,Published result identifies the sampled event as Flat/AW Flat racing.
GBRT-068,2018-08-13,Ripon,13:50,Flat,mintbet.com Sports And Casino Fillies Novice Auction Stakes (Plus 10 Race),Flat,True,verified_external,https://www.horseracing.net/results/ripon/13-08-18,https://www.racingpost.com/results/2018-08-13,Published result identifies the sampled event as Flat/AW Flat racing.
GBRT-069,2018-08-17,Nottingham,14:35,Flat,myracing.com For Free Bets And Tips Handicap,Flat,True,verified_external,https://www.horseracing.net/results/nottingham/17-08-18,https://www.racingpost.com/results/2018-08-17,Published result identifies the sampled event as Flat/AW Flat racing.
GBRT-070,2018-09-22,Wolverhampton (AW),17:45,Flat,sportnation.bet Rewards Program Handicap (Div II),Flat,True,verified_external,https://www.horseracing.net/results/wolverhampton/22-09-18,https://www.racingpost.com/results/2018-09-22,Published result identifies the sampled event as Flat/AW Flat racing.
GBRT-071,2019-05-22,Kempton (AW),18:25,Flat,32Red On The App Store Handicap (London Mile Series Qualifier),Flat,True,verified_external,https://www.horseracing.net/results/kempton/22-05-19,https://www.racingpost.com/results/2019-05-22,Published result identifies the sampled event as Flat/AW Flat racing.
GBRT-072,2019-06-01,Doncaster,15:05,Flat,Doncaster Groundworks Handicap,Flat,True,verified_external,https://www.horseracing.net/results/doncaster/01-06-19,https://www.racingpost.com/results/2019-06-01,Published result identifies the sampled event as Flat/AW Flat racing.
GBRT-073,2019-08-25,Goodwood,16:10,Flat,Weatherbys Racing Bank Supreme Stakes,Flat,True,verified_external,https://www.horseracing.net/results/goodwood/25-08-19,https://www.racingpost.com/results/2019-08-25,Published result identifies the sampled event as Flat/AW Flat racing.
GBRT-074,2019-10-05,Wolverhampton (AW),19:30,Flat,bet365 Handicap,Flat,True,verified_external,https://www.horseracing.net/results/wolverhampton/05-10-19,https://www.racingpost.com/results/2019-10-05,Published result identifies the sampled event as Flat/AW Flat racing.
GBRT-075,2020-07-30,Musselburgh,UNRESOLVED,Flat,Every Race Live On Racing TV Classified Stakes,Flat,True,verified_external,https://www.horseracing.net/results/musselburgh/30-07-20,https://www.racingpost.com/results/2020-07-30,Published result identifies the sampled event as Flat/AW Flat racing.
GBRT-076,2020-08-22,Chelmsford (AW),17:25,Flat,Broomfield Handicap,Flat,True,verified_external,https://www.sportinglife.com/racing/results/2020-08-22/chelmsford-city/584759/broomfield-handicap,https://www.racingpost.com/results/2020-08-22,Published result identifies the sampled event as Flat/AW Flat racing.
GBRT-077,2021-05-14,York,15:10,Flat,Matchbook Yorkshire Cup Stakes  (British Champions Series),Flat,True,verified_external,https://www.horseracing.net/results/york/14-05-21,https://www.racingpost.com/results/2021-05-14,Published result identifies the sampled event as Flat/AW Flat racing.
GBRT-078,2021-05-24,Brighton,14:40,Flat,Free Tips Daily On attheraces.com Restricted Maiden Stakes (For Horses In Band D) (GBB Race),Flat,True,verified_external,https://www.horseracing.net/results/brighton/24-05-21,https://www.racingpost.com/results/2021-05-24,Published result identifies the sampled event as Flat/AW Flat racing.
GBRT-079,2021-07-26,Windsor,20:25,Flat,Free Replays On attheraces.com Handicap,Flat,True,verified_external,https://www.horseracing.net/results/windsor/26-07-21,https://www.racingpost.com/results/2021-07-26,Published result identifies the sampled event as Flat/AW Flat racing.
GBRT-080,2021-09-10,Sandown,13:00,Flat,Paul Ferguson Memorial EBF Maiden Stakes (GBB Race),Flat,True,verified_external,https://www.horseracing.net/results/sandown/10-09-21,https://www.racingpost.com/results/2021-09-10,Published result identifies the sampled event as Flat/AW Flat racing.
GBRT-081,2022-05-09,Catterick,14:30,Flat,Lyn Cresey Birthday Handicap,Flat,True,verified_external,https://www.horseracing.net/results/catterick/09-05-22,https://www.racingpost.com/results/2022-05-09,Published result identifies the sampled event as Flat/AW Flat racing.
GBRT-082,2022-06-03,Doncaster,17:33,Flat,Weldricks Pharmacy Supporting WPCC Novice Stakes (GBB Race),Flat,True,verified_external,https://www.horseracing.net/results/doncaster/03-06-22,https://www.racingpost.com/results/2022-06-03,Published result identifies the sampled event as Flat/AW Flat racing.
GBRT-083,2022-06-03,Doncaster,20:26,Flat,Thank You Weston Park Cancer Centre Novice Stakes (GBB Race),Flat,True,verified_external,https://www.horseracing.net/results/doncaster/03-06-22,https://www.racingpost.com/results/2022-06-03,Published result identifies the sampled event as Flat/AW Flat racing.
GBRT-084,2022-07-26,Beverley,15:45,Flat,Find Discounts Galore With Trotters Traders EBF Restricted Novice Stakes (EBF Restricted Qual) (GBB),Flat,True,verified_external,https://www.horseracing.net/results/beverley/26-07-22,https://www.racingpost.com/results/2022-07-26,Published result identifies the sampled event as Flat/AW Flat racing.
GBRT-085,2023-03-25,Wolverhampton (AW),18:30,Flat,Huge Boosts Daily Only At BetUK Maiden Stakes (GBB Race),Flat,True,verified_external,https://www.horseracing.net/results/wolverhampton/25-03-23,https://www.racingpost.com/results/2023-03-25,Published result identifies the sampled event as Flat/AW Flat racing.
GBRT-086,2023-06-20,Brighton,UNRESOLVED,Flat,Royal Ascot Form Study On attheraces.com Handicap,Flat,True,verified_external,https://www.horseracing.net/results/brighton/20-06-23,https://www.racingpost.com/results/2023-06-20,Published result identifies the sampled event as Flat/AW Flat racing.
GBRT-087,2023-06-20,Brighton,UNRESOLVED,Flat,Streamline 202020 Always The Best Bet Handicap,Flat,True,verified_external,https://www.horseracing.net/results/brighton/20-06-23,https://www.racingpost.com/results/2023-06-20,Published result identifies the sampled event as Flat/AW Flat racing.
GBRT-088,2023-08-02,Goodwood,14:25,Flat,Whispering Angel Oak Tree Stakes  (Fillies & Mares),Flat,True,verified_external,https://www.horseracing.net/results/goodwood/02-08-23,https://www.racingpost.com/results/2023-08-02,Published result identifies the sampled event as Flat/AW Flat racing.
GBRT-089,2023-10-09,Wolverhampton (AW),20:30,Flat,At The Races App Form Study Handicap,Flat,True,verified_external,https://www.horseracing.net/results/wolverhampton/09-10-23,https://www.racingpost.com/results/2023-10-09,Published result identifies the sampled event as Flat/AW Flat racing.
GBRT-090,2023-10-18,Nottingham,17:25,Flat,Every Race Live On Racing TV Handicap (For Female Amateur Jockeys),Flat,True,verified_external,https://www.horseracing.net/results/nottingham/18-10-23,https://www.racingpost.com/results/2023-10-18,Published result identifies the sampled event as Flat/AW Flat racing.
GBRT-091,2024-01-03,Kempton (AW),16:55,Flat,Try Unibets New Acca Boosts Handicap,Flat,True,verified_external,https://www.horseracing.net/results/kempton/03-01-24,https://www.racingpost.com/results/2024-01-03,Published result identifies the sampled event as Flat/AW Flat racing.
GBRT-092,2024-01-16,Wolverhampton (AW),15:40,Flat,Win £2 000 000 With BetMGMs Golden Goals Handicap,Flat,True,verified_external,https://thehorsesmouth.co.uk/races/89347-win-ps2-000-000-with-betmgms-golden-goals-handicap,https://www.racingpost.com/results/2024-01-16,Published result identifies the sampled event as Flat/AW Flat racing.
GBRT-093,2024-05-27,Leicester,16:15,Flat,Leicester City FC Handicap,Flat,True,verified_external,https://www.horseracing.net/results/leicester/27-05-24,https://www.racingpost.com/results/2024-05-27,Published result identifies the sampled event as Flat/AW Flat racing.
GBRT-094,2024-07-19,Newmarket (July),UNRESOLVED,Flat,Irish Stallion Farms EBF Fillies Handicap,Flat,True,verified_external,https://www.horseracing.net/results/newmarket/19-07-24,https://www.racingpost.com/results/2024-07-19,Published result identifies the sampled event as Flat/AW Flat racing.
GBRT-095,2024-07-24,Leicester,18:45,Flat,Newton LDP Fillies Handicap,Flat,True,verified_external,https://www.horseracing.net/results/leicester/24-07-24,https://www.racingpost.com/results/2024-07-24,Published result identifies the sampled event as Flat/AW Flat racing.
GBRT-096,2025-06-23,Chepstow,15:45,Flat,Betting.Bet Free Bets Handicap,Flat,True,verified_external,https://www.horseracing.net/results/chepstow/23-06-25,https://www.racingpost.com/results/2025-06-23,Published result identifies the sampled event as Flat/AW Flat racing.
GBRT-097,2025-08-07,Chepstow,20:00,Flat,Racing League 20 Handicap (Horses In The Care Of Trainers Registered To Racing League) (GBBPlus),Flat,True,verified_external,https://www.horseracing.net/results/chepstow/07-08-25,https://www.racingpost.com/results/2025-08-07,Published result identifies the sampled event as Flat/AW Flat racing.
GBRT-098,2025-09-22,Leicester,15:18,Flat,In Memory Of Jessica Gamble Fillies Nursery Handicap,Flat,True,verified_external,https://www.horseracing.net/results/leicester/22-09-25,https://www.racingpost.com/results/2025-09-22,Published result identifies the sampled event as Flat/AW Flat racing.
GBRT-099,2026-03-11,Newcastle (AW),20:00,Flat,Midnite Are Upping The Betting Game Handicap,Flat,True,verified_external,https://www.horseracing.net/results/newcastle/11-03-26,https://www.racingpost.com/results/2026-03-11,Published result identifies the sampled event as Flat/AW Flat racing.
GBRT-100,2026-04-20,Newcastle (AW),19:00,Flat,attheraces.com/marketmovers Maiden Stakes (GBB Race),Flat,True,verified_external,https://www.horseracing.net/results/newcastle/20-04-26,https://www.racingpost.com/results/2026-04-20,Published result identifies the sampled event as Flat/AW Flat racing.
GBRT-101,2015-07-15,Uttoxeter,15:20,Hurdle,PSP Wealth Management Selling Hurdle,Hurdle,True,verified_external,https://www.horseracing.net/results/uttoxeter/15-07-15,https://www.racingpost.com/results/2015-07-15,Published result identifies the sampled event as a Hurdle.
GBRT-102,2015-11-14,Wetherby,12:20,Hurdle,racinguk.com/freetrial Mares Novices Hurdle,Hurdle,True,verified_external,https://www.horseracing.net/results/wetherby/14-11-15,https://www.racingpost.com/results/2015-11-14,Published result identifies the sampled event as a Hurdle.
GBRT-103,2015-12-01,Southwell,14:20,Hurdle,Arc Supporting The 2015 Lesters Maiden Hurdle,Hurdle,True,verified_external,https://www.horseracing.net/results/southwell/01-12-15,https://www.racingpost.com/results/2015-12-01,Published result identifies the sampled event as a Hurdle.
GBRT-104,2016-03-13,Kelso,16:40,Hurdle,Rocky Lions Pride Of Hazelrigg Handicap Hurdle,Hurdle,True,verified_external,https://www.horseracing.net/results/kelso/13-03-16,https://www.racingpost.com/results/2016-03-13,Published result identifies the sampled event as a Hurdle.
GBRT-105,2016-07-10,Southwell,17:30,Hurdle,Nottingham City Transport Handicap Hurdle (Div II),Hurdle,True,verified_external,https://www.horseracing.net/results/southwell/10-07-16,https://www.racingpost.com/results/2016-07-10,Published result identifies the sampled event as a Hurdle.
GBRT-106,2016-07-18,Cartmel,17:25,Hurdle,Racing UK Anywhere Handicap Hurdle,Hurdle,True,verified_external,https://www.horseracing.net/results/cartmel/18-07-16,https://www.racingpost.com/results/2016-07-18,Published result identifies the sampled event as a Hurdle.
GBRT-107,2016-11-09,Bangor-on-Dee,15:30,Hurdle,Cammell Laird Juvenile Maiden Hurdle,Hurdle,True,verified_external,https://www.horseracing.net/results/bangor-on-dee/09-11-16,https://www.racingpost.com/results/2016-11-09,Published result identifies the sampled event as a Hurdle.
GBRT-108,2016-11-11,Newcastle,14:15,Hurdle,Coopers Marquees Mares Maiden Hurdle,Hurdle,True,verified_external,https://www.horseracing.net/results/newcastle/11-11-16,https://www.racingpost.com/results/2016-11-11,Published result identifies the sampled event as a Hurdle.
GBRT-109,2016-11-26,Newcastle,12:05,Hurdle,New EBF National Hunt Maiden Hurdle (Qualifier),Hurdle,True,verified_external,https://www.horseracing.net/results/newcastle/26-11-16,https://www.racingpost.com/results/2016-11-26,Published result identifies the sampled event as a Hurdle.
GBRT-110,2017-01-16,Ayr,13:10,Hurdle,Racing UK Novices Hurdle,Hurdle,True,verified_external,https://www.horseracing.net/results/ayr/16-01-17,https://www.racingpost.com/results/2017-01-16,Published result identifies the sampled event as a Hurdle.
GBRT-111,2017-02-26,Southwell,16:10,Hurdle,Infinity Racing Handicap Hurdle,Hurdle,True,verified_external,https://www.horseracing.net/results/southwell/26-02-17,https://www.racingpost.com/results/2017-02-26,Published result identifies the sampled event as a Hurdle.
GBRT-112,2017-04-03,Ludlow,14:00,Hurdle,Oyster Communications Novices Hurdle,Hurdle,True,verified_external,https://www.horseracing.net/results/ludlow/03-04-17,https://www.racingpost.com/results/2017-04-03,Published result identifies the sampled event as a Hurdle.
GBRT-113,2017-09-11,Perth,15:05,Hurdle,Edinburgh Gin Handicap Hurdle (Qualifier For The Northern Lights Stayers Hurdle Series),Hurdle,True,verified_external,https://www.horseracing.net/results/perth/11-09-17,https://www.racingpost.com/results/2017-09-11,Published result identifies the sampled event as a Hurdle.
GBRT-114,2017-10-21,Market Rasen,14:50,Hurdle,Lincoln Lager Handicap Hurdle,Hurdle,True,verified_external,https://www.horseracing.net/results/market-rasen/21-10-17,https://www.racingpost.com/results/2017-10-21,Published result identifies the sampled event as a Hurdle.
GBRT-115,2017-10-24,Exeter,14:20,Hurdle,Read Noel Fehily At 188Bet Amateur Riders Handicap Hurdle,Hurdle,True,verified_external,https://www.horseracing.net/results/exeter/24-10-17,https://www.racingpost.com/results/2017-10-24,Published result identifies the sampled event as a Hurdle.
GBRT-116,2017-12-06,Ludlow,13:30,Hurdle,Alfa Aggregates Products Mares Handicap Hurdle,Hurdle,True,verified_external,https://www.horseracing.net/results/ludlow/06-12-17,https://www.racingpost.com/results/2017-12-06,Published result identifies the sampled event as a Hurdle.
GBRT-117,2017-12-21,Towcester,13:25,Hurdle,totepool Caroline Beesley Memorial Handicap Hurdle,Hurdle,True,verified_external,https://thehorsesmouth.co.uk/races/12582-totepool-caroline-beesley-memorial-handicap-hurdle,https://www.racingpost.com/results/2017-12-21,Published result identifies the sampled event as a Hurdle.
GBRT-118,2018-03-11,Market Rasen,16:10,Hurdle,188Bet Faller Refunds At Cheltenham Thursday Handicap Hurdle (Challenger Staying Hurdle Series Qual),Hurdle,True,verified_external,https://www.horseracing.net/results/market-rasen/11-03-18,https://www.racingpost.com/results/2018-03-11,Published result identifies the sampled event as a Hurdle.
GBRT-119,2018-03-21,Haydock,15:50,Hurdle,Howdens Joinery Novices Handicap Hurdle,Hurdle,True,verified_external,https://www.horseracing.net/results/haydock/21-03-18,https://www.racingpost.com/results/2018-03-21,Published result identifies the sampled event as a Hurdle.
GBRT-120,2018-05-26,Cartmel,14:05,Hurdle,Cartmel Sticky Toffee Pudding Novices Hurdle,Hurdle,True,verified_external,https://www.horseracing.net/results/cartmel/26-05-18,https://www.racingpost.com/results/2018-05-26,Published result identifies the sampled event as a Hurdle.
GBRT-121,2018-07-01,Uttoxeter,14:35,Hurdle,bet365 Novices Hurdle,Hurdle,True,verified_external,https://www.horseracing.net/results/uttoxeter/01-07-18,https://www.racingpost.com/results/2018-07-01,Published result identifies the sampled event as a Hurdle.
GBRT-122,2018-07-09,Worcester,15:25,Hurdle,Audley Ellerslie Luxury Retirement Village Novices Hurdle (ARC Summer Novices Brush Hurdle Series),Hurdle,True,verified_external,https://www.horseracing.net/results/worcester/09-07-18,https://www.racingpost.com/results/2018-07-09,Published result identifies the sampled event as a Hurdle.
GBRT-123,2018-10-08,Stratford,15:20,Hurdle,Bet At racinguk.com Handicap Hurdle,Hurdle,True,verified_external,https://www.horseracing.net/results/stratford/08-10-18,https://www.racingpost.com/results/2018-10-08,Published result identifies the sampled event as a Hurdle.
GBRT-124,2019-10-09,Ludlow,12:15,Hurdle,Confederation Of Forest Industries Ltd Juvenile Maiden Hurdle,Hurdle,True,verified_external,https://www.horseracing.net/results/ludlow/09-10-19,https://www.racingpost.com/results/2019-10-09,Published result identifies the sampled event as a Hurdle.
GBRT-125,2019-10-21,Plumpton,16:10,Hurdle,SIS Supports Bob Champion Cancer Trust Handicap Hurdle,Hurdle,True,verified_external,https://www.horseracing.net/results/plumpton/21-10-19,https://www.racingpost.com/results/2019-10-21,Published result identifies the sampled event as a Hurdle.
GBRT-126,2019-12-26,Market Rasen,15:25,Hurdle,Paul Barratt Bookmaker Handicap Hurdle,Hurdle,True,verified_external,https://www.horseracing.net/results/market-rasen/26-12-19,https://www.racingpost.com/results/2019-12-26,Published result identifies the sampled event as a Hurdle.
GBRT-127,2020-01-01,Musselburgh,14:50,Hurdle,Betway Heed Your Hunch Handicap Hurdle,Hurdle,True,verified_external,https://www.horseracing.net/results/musselburgh/01-01-20,https://www.racingpost.com/results/2020-01-01,Published result identifies the sampled event as a Hurdle.
GBRT-128,2020-08-23,Cartmel,12:45,Hurdle,Follow @williamhillracing On Twitter Novices Hurdle (GBB Race),Hurdle,True,verified_external,https://www.horseracing.net/results/cartmel/23-08-20,https://www.racingpost.com/results/2020-08-23,Published result identifies the sampled event as a Hurdle.
GBRT-129,2020-10-13,Huntingdon,14:00,Hurdle,MansionBet Handicap Hurdle,Hurdle,True,verified_external,https://www.horseracing.net/results/huntingdon/13-10-20,https://www.racingpost.com/results/2020-10-13,Published result identifies the sampled event as a Hurdle.
GBRT-130,2020-12-10,Newcastle,14:25,Hurdle,Watch And Bet At MansionBet Handicap Hurdle (Div II),Hurdle,True,verified_external,https://www.horseracing.net/results/newcastle/10-12-20,https://www.racingpost.com/results/2020-12-10,Published result identifies the sampled event as a Hurdle.
GBRT-131,2021-02-22,Southwell,15:20,Hurdle,Download The At The Races App Handicap Hurdle,Hurdle,True,verified_external,https://www.horseracing.net/results/southwell/22-02-21,https://www.racingpost.com/results/2021-02-22,Published result identifies the sampled event as a Hurdle.
GBRT-132,2021-05-24,Ludlow,13:15,Hurdle,G.C.Rickards Novices Handicap Hurdle (Div I),Hurdle,True,verified_external,https://www.horseracing.net/results/ludlow/24-05-21,https://www.racingpost.com/results/2021-05-24,Published result identifies the sampled event as a Hurdle.
GBRT-133,2021-06-03,Uttoxeter,16:40,Hurdle,Free Tips Daily On attheraces.com Handicap Hurdle,Hurdle,True,verified_external,https://www.horseracing.net/results/uttoxeter/03-06-21,https://www.racingpost.com/results/2021-06-03,Published result identifies the sampled event as a Hurdle.
GBRT-134,2021-11-12,Worcester,15:50,Hurdle,Free Replays On attheraces.com Mares Handicap Hurdle,Hurdle,True,verified_external,https://www.horseracing.net/results/worcester/12-11-21,https://www.racingpost.com/results/2021-11-12,Published result identifies the sampled event as a Hurdle.
GBRT-135,2022-04-14,Cheltenham,14:40,Hurdle,Catesby Estates PLC Mares Handicap Hurdle () (NHMOPS Bonus Race) (GBB Race),Hurdle,True,verified_external,https://www.horseracing.net/results/cheltenham/14-04-22,https://www.racingpost.com/results/2022-04-14,Published result identifies the sampled event as a Hurdle.
GBRT-136,2022-10-22,Kelso,17:10,Hurdle,Play Paddys Pick 5 At racingtv.com Cond Jockeys Handicap Hurdle (Go North Brindisi Breeze Qual),Hurdle,True,verified_external,https://www.horseracing.net/results/kelso/22-10-22,https://www.racingpost.com/results/2022-10-22,Published result identifies the sampled event as a Hurdle.
GBRT-137,2023-05-22,Ffos Las,15:50,Hurdle,Welsh Cottage Cakes Handicap Hurdle,Hurdle,True,verified_external,https://www.horseracing.net/results/ffos-las/22-05-23,https://www.racingpost.com/results/2023-05-22,Published result identifies the sampled event as a Hurdle.
GBRT-138,2023-11-18,Uttoxeter,15:22,Hurdle,Direct Commercial Flooring Handicap Hurdle,Hurdle,True,verified_external,https://www.horseracing.net/results/uttoxeter/18-11-23,https://www.racingpost.com/results/2023-11-18,Published result identifies the sampled event as a Hurdle.
GBRT-139,2024-02-25,Hereford,16:40,Hurdle,Watch & Bet At PlanetSportBet Novices Handicap Hurdle,Hurdle,True,verified_external,https://www.horseracing.net/results/hereford/25-02-24,https://www.racingpost.com/results/2024-02-25,Published result identifies the sampled event as a Hurdle.
GBRT-140,2024-03-20,Market Rasen,14:30,Hurdle,Easter Sunday & Centenary Celebration Raceday Junior National Hunt Hurdle (GBB Race),Hurdle,True,verified_external,https://www.horseracing.net/results/market-rasen/20-03-24,https://www.racingpost.com/results/2024-03-20,Published result identifies the sampled event as a Hurdle.
GBRT-141,2024-04-12,Fakenham,15:43,Hurdle,horsepwr.co.uk For Welfare Facts & Information Handicap Hurdle,Hurdle,True,verified_external,https://www.horseracing.net/results/fakenham/12-04-24,https://www.racingpost.com/results/2024-04-12,Published result identifies the sampled event as a Hurdle.
GBRT-142,2024-08-17,Market Rasen,UNRESOLVED,Hurdle,C&L Fairburn Property Development Handicap Hurdle,Hurdle,True,verified_external,https://www.horseracing.net/results/market-rasen/17-08-24,https://www.racingpost.com/results/2024-08-17,Published result identifies the sampled event as a Hurdle.
GBRT-143,2024-11-03,Huntingdon,13:33,Hurdle,Follow Us On X @betrhino Maiden Hurdle (GBB Race),Hurdle,True,verified_external,https://www.horseracing.net/results/huntingdon/03-11-24,https://www.racingpost.com/results/2024-11-03,Published result identifies the sampled event as a Hurdle.
GBRT-144,2024-11-05,Warwick,14:25,Hurdle,Trustatrader Approved & Reviewed Tradespeople Handicap Hurdle,Hurdle,True,verified_external,https://www.horseracing.net/results/warwick/05-11-24,https://www.racingpost.com/results/2024-11-05,Published result identifies the sampled event as a Hurdle.
GBRT-145,2025-02-19,Ludlow,14:30,Hurdle,Luke Watson Memorial Maiden Hurdle (GBB Race),Hurdle,True,verified_external,https://www.horseracing.net/results/ludlow/19-02-25,https://www.racingpost.com/results/2025-02-19,Published result identifies the sampled event as a Hurdle.
GBRT-146,2025-03-12,Cheltenham,14:40,Hurdle,Coral Cup Handicap Hurdle (Premier Handicap) (GBB Race),Hurdle,True,verified_external,https://www.horseracing.net/results/cheltenham/12-03-25,https://www.racingpost.com/results/2025-03-12,Published result identifies the sampled event as a Hurdle.
GBRT-147,2026-01-24,Uttoxeter,13:22,Hurdle,Happy 50th Birthday Sara Maiden Hurdle (GBB Race),Hurdle,True,verified_external,https://www.horseracing.net/results/uttoxeter/24-01-26,https://www.racingpost.com/results/2026-01-24,Published result identifies the sampled event as a Hurdle.
GBRT-148,2026-03-26,Warwick,15:58,Hurdle,Betano Boosted Odds Every UK Race Mares Handicap Hurdle,Hurdle,True,verified_external,https://www.horseracing.net/results/warwick/26-03-26,https://www.racingpost.com/results/2026-03-26,Published result identifies the sampled event as a Hurdle.
GBRT-149,2026-04-17,Ayr,13:45,Hurdle,Slater Menswear Handicap Hurdle,Hurdle,True,verified_external,https://www.horseracing.net/results/ayr/17-04-26,https://www.racingpost.com/results/2026-04-17,Published result identifies the sampled event as a Hurdle.
GBRT-150,2026-05-14,Perth,16:18,Hurdle,Edinburgh Gin Seaside Handicap Hurdle,Hurdle,True,verified_external,https://www.horseracing.net/results/perth/14-05-26,https://www.racingpost.com/results/2026-05-14,Published result identifies the sampled event as a Hurdle.
GBRT-151,2015-01-10,Wetherby,15:55,NH Flat,Racing UK Anywhere Available Now Fillies Junior Standard Open National Hunt Flat Race,NH Flat,True,verified_external,https://www.horseracing.net/results/wetherby/10-01-15,https://www.racingpost.com/results/2015-01-10,Published result identifies the sampled event as a National Hunt Flat/N_H_Flat race.
GBRT-152,2015-02-17,Taunton,17:20,NH Flat,League of Friends of Taunton Hospitals Standard National Hunt Flat Race (Conditional And Amateur),NH Flat,True,verified_external,https://www.horseracing.net/results/taunton/17-02-15,https://www.racingpost.com/results/2015-02-17,Published result identifies the sampled event as a National Hunt Flat/N_H_Flat race.
GBRT-153,2015-03-24,Southwell,17:25,NH Flat,Nottinghamshire Standard Open National Hunt Flat Race,NH Flat,True,verified_external,https://www.horseracing.net/results/southwell/24-03-15,https://www.racingpost.com/results/2015-03-24,Published result identifies the sampled event as a National Hunt Flat/N_H_Flat race.
GBRT-154,2015-03-27,Wetherby,16:30,NH Flat,Flat Racing Comes Next - Sunday 26th April Standard Open National Hunt Flat Race,NH Flat,True,verified_external,https://www.horseracing.net/results/wetherby/27-03-15,https://www.racingpost.com/results/2015-03-27,Published result identifies the sampled event as a National Hunt Flat/N_H_Flat race.
GBRT-155,2015-04-17,Fontwell,16:20,NH Flat,Jan Gilbert 37th?? Birthday Standard Open National Hunt Flat Race,NH Flat,True,verified_external,https://www.horseracing.net/results/fontwell/17-04-15,https://www.racingpost.com/results/2015-04-17,Published result identifies the sampled event as a National Hunt Flat/N_H_Flat race.
GBRT-156,2015-05-12,Wincanton,17:05,NH Flat,Wincanton Standard Open National Hunt Flat Race,NH Flat,True,verified_external,https://www.horseracing.net/results/wincanton/12-05-15,https://www.racingpost.com/results/2015-05-12,Published result identifies the sampled event as a National Hunt Flat/N_H_Flat race.
GBRT-157,2016-01-12,Ludlow,16:00,NH Flat,Racing UK Profits Returned To Racing Standard Open National Hunt Flat Race,NH Flat,True,verified_external,https://www.horseracing.net/results/ludlow/12-01-16,https://www.racingpost.com/results/2016-01-12,Published result identifies the sampled event as a National Hunt Flat/N_H_Flat race.
GBRT-158,2016-06-22,Worcester,UNRESOLVED,NH Flat,Allelys General Haulage Standard Open National Hunt Flat Race (Div I),NH Flat,True,verified_external,https://www.horseracing.net/results/worcester/22-06-16,https://www.racingpost.com/results/2016-06-22,Published result identifies the sampled event as a National Hunt Flat/N_H_Flat race.
GBRT-159,2017-02-02,Wincanton,16:45,NH Flat,Carling Standard Open National Hunt Flat Race,NH Flat,True,verified_external,https://www.horseracing.net/results/wincanton/02-02-17,https://www.racingpost.com/results/2017-02-02,Published result identifies the sampled event as a National Hunt Flat/N_H_Flat race.
GBRT-160,2017-02-10,Kempton,16:50,NH Flat,Jeff Crafts Zero To Sixty Maiden Open National Hunt Flat Race,NH Flat,True,verified_external,https://www.horseracing.net/results/kempton/10-02-17,https://www.racingpost.com/results/2017-02-10,Published result identifies the sampled event as a National Hunt Flat/N_H_Flat race.
GBRT-161,2017-02-15,Towcester,16:40,NH Flat,Haygain Hay Steamers Clean Healthy Forage Standard Open National Hunt Flat Race,NH Flat,True,verified_external,https://thehorsesmouth.co.uk/races/1209-haygain-hay-steamers-clean-healthy-forage-standard-open-nh-flat-race,https://www.racingpost.com/results/2017-02-15,Published result identifies the sampled event as a National Hunt Flat/N_H_Flat race.
GBRT-162,2017-02-26,Fontwell,17:00,NH Flat,Collect totepool Winnings At Betfred Shops Maiden Open National Hunt Flat Race,NH Flat,True,verified_external,https://www.horseracing.net/results/fontwell/26-02-17,https://www.racingpost.com/results/2017-02-26,Published result identifies the sampled event as a National Hunt Flat/N_H_Flat race.
GBRT-163,2017-03-12,Warwick,17:30,NH Flat,10% Money Back At Cheltenham Standard Open National Hunt Flat Race,NH Flat,True,verified_external,https://www.horseracing.net/results/warwick/12-03-17,https://www.racingpost.com/results/2017-03-12,Published result identifies the sampled event as a National Hunt Flat/N_H_Flat race.
GBRT-164,2017-04-09,Market Rasen,17:15,NH Flat,Play Saturday Night Takeaway At 32Red.com Standard Open National Hunt Flat Race,NH Flat,True,verified_external,https://www.horseracing.net/results/market-rasen/09-04-17,https://www.racingpost.com/results/2017-04-09,Published result identifies the sampled event as a National Hunt Flat/N_H_Flat race.
GBRT-165,2017-04-25,Ludlow,17:10,NH Flat,Heath Farm Meats Intermediate Open National Hunt Flat Race,NH Flat,True,verified_external,https://www.horseracing.net/results/ludlow/25-04-17,https://www.racingpost.com/results/2017-04-25,Published result identifies the sampled event as a National Hunt Flat/N_H_Flat race.
GBRT-166,2018-02-04,Musselburgh,16:20,NH Flat,bet365 Standard Open National Hunt Flat Race,NH Flat,True,verified_external,https://www.horseracing.net/results/musselburgh/04-02-18,https://www.racingpost.com/results/2018-02-04,Published result identifies the sampled event as a National Hunt Flat/N_H_Flat race.
GBRT-167,2018-02-16,Fakenham,16:55,NH Flat,Fakenham Maiden Open National Hunt Flat Race,NH Flat,True,verified_external,https://www.horseracing.net/results/fakenham/16-02-18,https://www.racingpost.com/results/2018-02-16,Published result identifies the sampled event as a National Hunt Flat/N_H_Flat race.
GBRT-168,2018-03-26,Market Rasen,17:20,NH Flat,Play Blackjack At 188Bet Casino Mares Maiden Open National Hunt Flat Race,NH Flat,True,verified_external,https://www.horseracing.net/results/market-rasen/26-03-18,https://www.racingpost.com/results/2018-03-26,Published result identifies the sampled event as a National Hunt Flat/N_H_Flat race.
GBRT-169,2018-05-08,Exeter,20:20,NH Flat,Cleave Lustleigh Standard Open National Hunt Flat Race,NH Flat,True,verified_external,https://www.horseracing.net/results/exeter/08-05-18,https://www.racingpost.com/results/2018-05-08,Published result identifies the sampled event as a National Hunt Flat/N_H_Flat race.
GBRT-170,2018-10-31,Fakenham,16:00,NH Flat,Pudding Norton Standard National Hunt Flat Race (Conditional Jockeys And Amateur Riders Race),NH Flat,True,verified_external,https://www.horseracing.net/results/fakenham/31-10-18,https://www.racingpost.com/results/2018-10-31,Published result identifies the sampled event as a National Hunt Flat/N_H_Flat race.
GBRT-171,2018-11-27,Lingfield (AW),12:30,NH Flat,starsports.bet Standard Open National Hunt Flat Race,NH Flat,True,verified_external,https://www.horseracing.net/results/lingfield/27-11-18,https://www.racingpost.com/results/2018-11-27,Published result identifies the sampled event as a National Hunt Flat/N_H_Flat race.
GBRT-172,2018-12-03,Musselburgh,15:15,NH Flat,Like Racing UK On Facebook Now Standard Open National Hunt Flat Race,NH Flat,True,verified_external,https://www.horseracing.net/results/musselburgh/03-12-18,https://www.racingpost.com/results/2018-12-03,Published result identifies the sampled event as a National Hunt Flat/N_H_Flat race.
GBRT-173,2019-01-01,Cheltenham,15:50,NH Flat,EBF Stallions & Cheltenham Pony Club (A Standard Open National Hunt Flat Race) (),NH Flat,True,verified_external,https://www.horseracing.net/results/cheltenham/01-01-19,https://www.racingpost.com/results/2019-01-01,Published result identifies the sampled event as a National Hunt Flat/N_H_Flat race.
GBRT-174,2019-01-01,Exeter,16:05,NH Flat,David Lewis Steam Coal Maiden Open National Hunt Flat Race,NH Flat,True,verified_external,https://www.horseracing.net/results/exeter/01-01-19,https://www.racingpost.com/results/2019-01-01,Published result identifies the sampled event as a National Hunt Flat/N_H_Flat race.
GBRT-175,2019-03-07,Wincanton,17:30,NH Flat,starsportsbet.co.uk Maiden Open National Hunt Flat Race,NH Flat,True,verified_external,https://www.horseracing.net/results/wincanton/07-03-19,https://www.racingpost.com/results/2019-03-07,Published result identifies the sampled event as a National Hunt Flat/N_H_Flat race.
GBRT-176,2019-10-10,Worcester,15:20,NH Flat,Gamble Responsibly With MansionBet Maiden Open National Hunt Flat Race,NH Flat,True,verified_external,https://www.horseracing.net/results/worcester/10-10-19,https://www.racingpost.com/results/2019-10-10,Published result identifies the sampled event as a National Hunt Flat/N_H_Flat race.
GBRT-177,2020-01-03,Musselburgh,15:35,NH Flat,Betway Casino Standard Open National Hunt Flat Race,NH Flat,True,verified_external,https://www.horseracing.net/results/musselburgh/03-01-20,https://www.racingpost.com/results/2020-01-03,Published result identifies the sampled event as a National Hunt Flat/N_H_Flat race.
GBRT-178,2021-03-14,Warwick,17:22,NH Flat,#MerryCheltmas With MansionBet Standard Open National Hunt Flat Race (GBB Race),NH Flat,True,verified_external,https://www.horseracing.net/results/warwick/14-03-21,https://www.racingpost.com/results/2021-03-14,Published result identifies the sampled event as a National Hunt Flat/N_H_Flat race.
GBRT-179,2021-04-13,Newton Abbot,16:35,NH Flat,Newton Abbot Maiden Open National Hunt Flat Race (GBB Race),NH Flat,True,verified_external,https://www.horseracing.net/results/newton-abbot/13-04-21,https://www.racingpost.com/results/2021-04-13,Published result identifies the sampled event as a National Hunt Flat/N_H_Flat race.
GBRT-180,2021-05-05,Kelso,16:35,NH Flat,racingtv.com Open National Hunt Flat Race (Category 1 Elimination) (GBB Race),NH Flat,True,verified_external,https://www.racingpost.com/results/27/kelso/2021-05-05/781595,https://www.racingpost.com/results/2021-05-05,Published result identifies the sampled event as a National Hunt Flat/N_H_Flat race.
GBRT-181,2021-10-24,Aintree,17:20,NH Flat,Jewson Southport Bispham Road EBF Mares Open National Hunt Flat Race (Cat 1 Elimination) (GBB),NH Flat,True,verified_external,https://www.racingpost.com/results/32/aintree/2021-10-24/793611,https://www.racingpost.com/results/2021-10-24,Published result identifies the sampled event as a National Hunt Flat/N_H_Flat race.
GBRT-182,2021-11-24,Hereford,15:40,NH Flat,Read Davy Russell On starsportsbet.co.uk Open National Hunt Flat Race (Category 1 Elimination) (GBB),NH Flat,True,verified_external,https://www.horseracing.net/results/hereford/24-11-21,https://www.racingpost.com/results/2021-11-24,Published result identifies the sampled event as a National Hunt Flat/N_H_Flat race.
GBRT-183,2021-11-24,Wetherby,15:20,NH Flat,EBF Stallions Mares Open National Hunt Flat Race (Category 1 Elimination) (GBB Race),NH Flat,True,verified_external,https://www.horseracing.net/results/wetherby/24-11-21,https://www.racingpost.com/results/2021-11-24,Published result identifies the sampled event as a National Hunt Flat/N_H_Flat race.
GBRT-184,2022-01-15,Warwick,16:05,NH Flat,Racing TV Free For A Month Newcomers National Hunt Flat Race (GBB Race),NH Flat,True,verified_external,https://www.horseracing.net/results/warwick/15-01-22,https://www.racingpost.com/results/2022-01-15,Published result identifies the sampled event as a National Hunt Flat/N_H_Flat race.
GBRT-185,2022-03-26,Kelso,16:21,NH Flat,Go North Jodami Series Final Open National Hunt Flat Race (GBB Race),NH Flat,True,verified_external,https://www.horseracing.net/results/kelso/26-03-22,https://www.racingpost.com/results/2022-03-26,Published result identifies the sampled event as a National Hunt Flat/N_H_Flat race.
GBRT-186,2022-05-18,Southwell,UNRESOLVED,NH Flat,Racecourse Branding @ signsolutions.org Open National Hunt Flat Race (Category 1 Elimination) (GBB),NH Flat,True,verified_external,https://www.horseracing.net/results/southwell/18-05-22,https://www.racingpost.com/results/2022-05-18,Published result identifies the sampled event as a National Hunt Flat/N_H_Flat race.
GBRT-187,2022-06-10,Newton Abbot,20:36,NH Flat,newtonabbotracing.com Open National Hunt Flat Race (Category 1 Elimination) (GBB Race),NH Flat,True,verified_external,https://www.racingpost.com/results/39/newton-abbot/2022-06-10/812362,https://www.racingpost.com/results/2022-06-10,Published result identifies the sampled event as a National Hunt Flat/N_H_Flat race.
GBRT-188,2022-09-18,Plumpton,16:50,NH Flat,Thank You Your Majesty Open National Hunt Flat Race (Category 1 Elimination) (GBB Race),NH Flat,True,verified_external,https://www.horseracing.net/results/plumpton/18-09-22,https://www.racingpost.com/results/2022-09-18,Published result identifies the sampled event as a National Hunt Flat/N_H_Flat race.
GBRT-189,2022-11-05,Kelso,15:55,NH Flat,Racing TV Free For 31 Days Open NH Flat Race (Category 1 Elim) (Go North Jodami Series Qual) (GBB),NH Flat,True,verified_external,https://www.racingpost.com/results/27/kelso/2022-11-05/822729,https://www.racingpost.com/results/2022-11-05,Published result identifies the sampled event as a National Hunt Flat/N_H_Flat race.
GBRT-190,2022-11-13,Cheltenham,16:00,NH Flat,Autism In Racing At Cheltenham Open National Hunt Flat Race () (GBB Race),NH Flat,True,verified_external,https://www.racingpost.com/results/11/cheltenham/2022-11-13/823851,https://www.racingpost.com/results/2022-11-13,Published result identifies the sampled event as a National Hunt Flat/N_H_Flat race.
GBRT-191,2023-01-28,Doncaster,16:25,NH Flat,Good Luck Beep Beep Burrow Open National Hunt Flat Race (Go North Jodami Series Qualifier) (GBB),NH Flat,True,verified_external,https://www.horseracing.net/results/doncaster/28-01-23,https://www.racingpost.com/results/2023-01-28,Published result identifies the sampled event as a National Hunt Flat/N_H_Flat race.
GBRT-192,2023-03-17,Doncaster,17:15,NH Flat,Sky Sports Racing HD Virgin 535 Open Maiden National Hunt Flat Race (Category 3 Elimination) (GBB),NH Flat,True,verified_external,https://www.racingpost.com/results/15/doncaster/2023-03-17/833485,https://www.racingpost.com/results/2023-03-17,Published result identifies the sampled event as a National Hunt Flat/N_H_Flat race.
GBRT-193,2023-04-22,Bangor-on-Dee,16:30,NH Flat,tote Wrexham FC Good Luck Tonight Junior National Hunt Flat Race (Cat 1 Elim) (GBB) (Div I),NH Flat,True,verified_external,https://www.racingpost.com/results/4/bangor-on-dee/2023-04-22/835939,https://www.racingpost.com/results/2023-04-22,Published result identifies the sampled event as a National Hunt Flat/N_H_Flat race.
GBRT-194,2023-11-09,Ludlow,16:20,NH Flat,Rea Valley Tractors Open National Hunt Flat Race (Category 1 Elimination) (GBB Race),NH Flat,True,verified_external,https://www.racingpost.com/results/34/ludlow/2023-11-09/851790,https://www.racingpost.com/results/2023-11-09,Published result identifies the sampled event as a National Hunt Flat/N_H_Flat race.
GBRT-195,2024-01-15,Hereford,16:10,NH Flat,Watch And Bet At PlanetSportBet Open National Hunt Flat Race (Category 1 Elimination) (GBB Race),NH Flat,True,verified_external,https://www.racingpost.com/results/24/hereford/2024-01-15/857211,https://www.racingpost.com/results/2024-01-15,Published result identifies the sampled event as a National Hunt Flat/N_H_Flat race.
GBRT-196,2024-03-02,Newbury,16:40,NH Flat,Stewart Wright Memorial Mares Open National Hunt Flat Race (Category 1 Elimination) (GBB Race),NH Flat,True,verified_external,https://www.racingpost.com/results/36/newbury/2024-03-02/860142,https://www.racingpost.com/results/2024-03-02,Published result identifies the sampled event as a National Hunt Flat/N_H_Flat race.
GBRT-197,2024-04-04,Southwell,15:05,NH Flat,Download The Racecourse App Raceday Ready Mares Standard NH Flat Race (Cond/Amateurs) (Cat 1) (GBB),NH Flat,True,verified_external,https://www.racingpost.com/results/61/southwell/2024-04-04/862221/,https://www.racingpost.com/results/2024-04-04,Published result identifies the sampled event as a National Hunt Flat/N_H_Flat race.
GBRT-198,2025-01-19,Windsor,16:10,NH Flat,Fitzdares Berkshire Winter Million Open National Hunt Flat Race (Category 1 Elimination) (GBB Race),NH Flat,True,verified_external,https://www.horseracing.net/results/windsor/19-01-25,https://www.racingpost.com/results/2025-01-19,Published result identifies the sampled event as a National Hunt Flat/N_H_Flat race.
GBRT-199,2025-10-26,Aintree,16:05,NH Flat,Racing TV Mares Open National Hunt Flat Race (Category 1 Elimination) (GBB Race),NH Flat,True,verified_external,https://www.racingpost.com/results/32/aintree/2025-10-26/904386,https://www.racingpost.com/results/2025-10-26,Published result identifies the sampled event as a National Hunt Flat/N_H_Flat race.
GBRT-200,2025-11-27,Taunton,15:52,NH Flat,South West Rail Solutions Ltd Open National Hunt Flat Race (Category 1 Elimination) (GBB Race),NH Flat,True,verified_external,https://www.racingpost.com/racecards/73/taunton/2025-11-27/906565/at-a-glance,https://www.racingpost.com/results/2025-11-27,Published result identifies the sampled event as a National Hunt Flat/N_H_Flat race.
